state,district,market,agmarknet_code,obs_date,rainfall_mm,temp_max_c,data_source
Maharashtra,Pune,Pune,MH_PUNE,2026-04-15,0.0,28.7,demo_fixture
Maharashtra,Nashik,Nashik,MH_NASHIK,2026-04-15,0.0,30.2,demo_fixture
Maharashtra,Nashik,Lasalgaon,MH_LASALGAON,2026-04-15,0.0,33.6,demo_fixture
Maharashtra,Thane,Vashi,MH_VASHI,2026-04-15,0.0,29.2,demo_fixture
Maharashtra,Nagpur,Nagpur,MH_NAGPUR,2026-04-15,0.0,28.7,demo_fixture
Maharashtra,Kolhapur,Kolhapur,MH_KOLHAPUR,2026-04-15,0.0,32.3,demo_fixture
Maharashtra,Ahmednagar,Ahmednagar,MH_AHMEDNAGAR,2026-04-15,10.6,33.4,demo_fixture
Maharashtra,Pune,Pune,MH_PUNE,2026-04-16,0.0,30.2,demo_fixture
Maharashtra,Nashik,Nashik,MH_NASHIK,2026-04-16,0.0,34.6,demo_fixture
Maharashtra,Nashik,Lasalgaon,MH_LASALGAON,2026-04-16,36.7,33.7,demo_fixture
Maharashtra,Thane,Vashi,MH_VASHI,2026-04-16,0.0,29.7,demo_fixture
Maharashtra,Nagpur,Nagpur,MH_NAGPUR,2026-04-16,0.0,31.0,demo_fixture
Maharashtra,Kolhapur,Kolhapur,MH_KOLHAPUR,2026-04-16,6.2,34.9,demo_fixture
Maharashtra,Ahmednagar,Ahmednagar,MH_AHMEDNAGAR,2026-04-16,0.0,34.6,demo_fixture
Maharashtra,Pune,Pune,MH_PUNE,2026-04-17,0.0,32.5,demo_fixture
Maharashtra,Nashik,Nashik,MH_NASHIK,2026-04-17,0.0,31.3,demo_fixture
Maharashtra,Nashik,Lasalgaon,MH_LASALGAON,2026-04-17,0.0,34.7,demo_fixture
Maharashtra,Thane,Vashi,MH_VASHI,2026-04-17,0.0,35.0,demo_fixture
Maharashtra,Nagpur,Nagpur,MH_NAGPUR,2026-04-17,0.0,33.8,demo_fixture
Maharashtra,Kolhapur,Kolhapur,MH_KOLHAPUR,2026-04-17,11.8,30.7,demo_fixture
Maharashtra,Ahmednagar,Ahmednagar,MH_AHMEDNAGAR,2026-04-17,12.0,29.3,demo_fixture
Maharashtra,Pune,Pune,MH_PUNE,2026-04-18,0.0,33.3,demo_fixture
Maharashtra,Nashik,Nashik,MH_NASHIK,2026-04-18,0.0,31.3,demo_fixture
Maharashtra,Nashik,Lasalgaon,MH_LASALGAON,2026-04-18,0.0,30.5,demo_fixture
Maharashtra,Thane,Vashi,MH_VASHI,2026-04-18,0.0,33.4,demo_fixture
Maharashtra,Nagpur,Nagpur,MH_NAGPUR,2026-04-18,0.0,29.8,demo_fixture
Maharashtra,Kolhapur,Kolhapur,MH_KOLHAPUR,2026-04-18,0.0,29.7,demo_fixture
Maharashtra,Ahmednagar,Ahmednagar,MH_AHMEDNAGAR,2026-04-18,0.0,35.9,demo_fixture
Maharashtra,Pune,Pune,MH_PUNE,2026-04-19,0.0,32.7,demo_fixture
Maharashtra,Nashik,Nashik,MH_NASHIK,2026-04-19,0.0,34.8,demo_fixture
Maharashtra,Nashik,Lasalgaon,MH_LASALGAON,2026-04-19,0.0,30.2,demo_fixture
Maharashtra,Thane,Vashi,MH_VASHI,2026-04-19,15.6,30.5,demo_fixture
Maharashtra,Nagpur,Nagpur,MH_NAGPUR,2026-04-19,0.0,35.6,demo_fixture
Maharashtra,Kolhapur,Kolhapur,MH_KOLHAPUR,2026-04-19,0.0,30.9,demo_fixture
Maharashtra,Ahmednagar,Ahmednagar,MH_AHMEDNAGAR,2026-04-19,0.0,31.5,demo_fixture
Maharashtra,Pune,Pune,MH_PUNE,2026-04-20,0.0,31.9,demo_fixture
Maharashtra,Nashik,Nashik,MH_NASHIK,2026-04-20,0.0,30.3,demo_fixture
Maharashtra,Nashik,Lasalgaon,MH_LASALGAON,2026-04-20,0.0,30.5,demo_fixture
Maharashtra,Thane,Vashi,MH_VASHI,2026-04-20,0.0,35.2,demo_fixture
Maharashtra,Nagpur,Nagpur,MH_NAGPUR,2026-04-20,0.0,30.1,demo_fixture
Maharashtra,Kolhapur,Kolhapur,MH_KOLHAPUR,2026-04-20,0.0,32.3,demo_fixture
Maharashtra,Ahmednagar,Ahmednagar,MH_AHMEDNAGAR,2026-04-20,4.0,29.3,demo_fixture
Maharashtra,Pune,Pune,MH_PUNE,2026-04-21,0.0,34.4,demo_fixture
Maharashtra,Nashik,Nashik,MH_NASHIK,2026-04-21,0.0,29.0,demo_fixture
Maharashtra,Nashik,Lasalgaon,MH_LASALGAON,2026-04-21,0.0,36.0,demo_fixture
Maharashtra,Thane,Vashi,MH_VASHI,2026-04-21,0.0,35.8,demo_fixture
Maharashtra,Nagpur,Nagpur,MH_NAGPUR,2026-04-21,0.0,28.6,demo_fixture
Maharashtra,Kolhapur,Kolhapur,MH_KOLHAPUR,2026-04-21,0.0,33.6,demo_fixture
Maharashtra,Ahmednagar,Ahmednagar,MH_AHMEDNAGAR,2026-04-21,0.0,30.5,demo_fixture
Maharashtra,Pune,Pune,MH_PUNE,2026-04-22,0.0,29.3,demo_fixture
Maharashtra,Nashik,Nashik,MH_NASHIK,2026-04-22,0.0,31.9,demo_fixture
Maharashtra,Nashik,Lasalgaon,MH_LASALGAON,2026-04-22,0.0,35.1,demo_fixture
Maharashtra,Thane,Vashi,MH_VASHI,2026-04-22,0.0,32.3,demo_fixture
Maharashtra,Nagpur,Nagpur,MH_NAGPUR,2026-04-22,0.0,35.3,demo_fixture
Maharashtra,Kolhapur,Kolhapur,MH_KOLHAPUR,2026-04-22,0.0,30.7,demo_fixture
Maharashtra,Ahmednagar,Ahmednagar,MH_AHMEDNAGAR,2026-04-22,0.0,33.1,demo_fixture
Maharashtra,Pune,Pune,MH_PUNE,2026-04-23,0.0,34.2,demo_fixture
Maharashtra,Nashik,Nashik,MH_NASHIK,2026-04-23,0.0,34.3,demo_fixture
Maharashtra,Nashik,Lasalgaon,MH_LASALGAON,2026-04-23,0.0,28.5,demo_fixture
Maharashtra,Thane,Vashi,MH_VASHI,2026-04-23,0.0,28.6,demo_fixture
Maharashtra,Nagpur,Nagpur,MH_NAGPUR,2026-04-23,0.0,35.1,demo_fixture
Maharashtra,Kolhapur,Kolhapur,MH_KOLHAPUR,2026-04-23,0.0,30.8,demo_fixture
Maharashtra,Ahmednagar,Ahmednagar,MH_AHMEDNAGAR,2026-04-23,39.8,35.6,demo_fixture
Maharashtra,Pune,Pune,MH_PUNE,2026-04-24,22.9,29.0,demo_fixture
Maharashtra,Nashik,Nashik,MH_NASHIK,2026-04-24,0.0,34.2,demo_fixture
Maharashtra,Nashik,Lasalgaon,MH_LASALGAON,2026-04-24,22.4,32.6,demo_fixture
Maharashtra,Thane,Vashi,MH_VASHI,2026-04-24,0.0,35.0,demo_fixture
Maharashtra,Nagpur,Nagpur,MH_NAGPUR,2026-04-24,0.0,30.1,demo_fixture
Maharashtra,Kolhapur,Kolhapur,MH_KOLHAPUR,2026-04-24,0.0,34.0,demo_fixture
Maharashtra,Ahmednagar,Ahmednagar,MH_AHMEDNAGAR,2026-04-24,0.0,30.8,demo_fixture
Maharashtra,Pune,Pune,MH_PUNE,2026-04-25,0.0,33.4,demo_fixture
Maharashtra,Nashik,Nashik,MH_NASHIK,2026-04-25,0.0,32.4,demo_fixture
Maharashtra,Nashik,Lasalgaon,MH_LASALGAON,2026-04-25,11.7,31.0,demo_fixture
Maharashtra,Thane,Vashi,MH_VASHI,2026-04-25,0.0,30.2,demo_fixture
Maharashtra,Nagpur,Nagpur,MH_NAGPUR,2026-04-25,0.0,29.0,demo_fixture
Maharashtra,Kolhapur,Kolhapur,MH_KOLHAPUR,2026-04-25,0.0,30.2,demo_fixture
Maharashtra,Ahmednagar,Ahmednagar,MH_AHMEDNAGAR,2026-04-25,0.0,34.9,demo_fixture
Maharashtra,Pune,Pune,MH_PUNE,2026-04-26,12.2,33.5,demo_fixture
Maharashtra,Nashik,Nashik,MH_NASHIK,2026-04-26,0.0,29.5,demo_fixture
Maharashtra,Nashik,Lasalgaon,MH_LASALGAON,2026-04-26,0.0,32.8,demo_fixture
Maharashtra,Thane,Vashi,MH_VASHI,2026-04-26,0.0,34.4,demo_fixture
Maharashtra,Nagpur,Nagpur,MH_NAGPUR,2026-04-26,0.0,29.9,demo_fixture
Maharashtra,Kolhapur,Kolhapur,MH_KOLHAPUR,2026-04-26,20.5,31.7,demo_fixture
Maharashtra,Ahmednagar,Ahmednagar,MH_AHMEDNAGAR,2026-04-26,0.0,34.0,demo_fixture
Maharashtra,Pune,Pune,MH_PUNE,2026-04-27,0.0,35.9,demo_fixture
Maharashtra,Nashik,Nashik,MH_NASHIK,2026-04-27,19.3,31.0,demo_fixture
Maharashtra,Nashik,Lasalgaon,MH_LASALGAON,2026-04-27,0.0,30.4,demo_fixture
Maharashtra,Thane,Vashi,MH_VASHI,2026-04-27,0.0,31.9,demo_fixture
Maharashtra,Nagpur,Nagpur,MH_NAGPUR,2026-04-27,0.0,30.6,demo_fixture
Maharashtra,Kolhapur,Kolhapur,MH_KOLHAPUR,2026-04-27,0.0,35.4,demo_fixture
Maharashtra,Ahmednagar,Ahmednagar,MH_AHMEDNAGAR,2026-04-27,0.0,35.0,demo_fixture
Maharashtra,Pune,Pune,MH_PUNE,2026-04-28,0.0,28.9,demo_fixture
Maharashtra,Nashik,Nashik,MH_NASHIK,2026-04-28,0.0,34.8,demo_fixture
Maharashtra,Nashik,Lasalgaon,MH_LASALGAON,2026-04-28,0.0,35.4,demo_fixture
Maharashtra,Thane,Vashi,MH_VASHI,2026-04-28,0.0,29.7,demo_fixture
Maharashtra,Nagpur,Nagpur,MH_NAGPUR,2026-04-28,0.0,30.1,demo_fixture
Maharashtra,Kolhapur,Kolhapur,MH_KOLHAPUR,2026-04-28,0.0,28.9,demo_fixture
Maharashtra,Ahmednagar,Ahmednagar,MH_AHMEDNAGAR,2026-04-28,0.0,35.9,demo_fixture
Maharashtra,Pune,Pune,MH_PUNE,2026-04-29,0.0,34.4,demo_fixture
Maharashtra,Nashik,Nashik,MH_NASHIK,2026-04-29,0.0,31.7,demo_fixture
Maharashtra,Nashik,Lasalgaon,MH_LASALGAON,2026-04-29,0.0,36.0,demo_fixture
Maharashtra,Thane,Vashi,MH_VASHI,2026-04-29,0.0,33.9,demo_fixture
Maharashtra,Nagpur,Nagpur,MH_NAGPUR,2026-04-29,0.0,30.7,demo_fixture
Maharashtra,Kolhapur,Kolhapur,MH_KOLHAPUR,2026-04-29,0.0,32.8,demo_fixture
Maharashtra,Ahmednagar,Ahmednagar,MH_AHMEDNAGAR,2026-04-29,0.0,34.1,demo_fixture
Maharashtra,Pune,Pune,MH_PUNE,2026-04-30,27.1,32.3,demo_fixture
Maharashtra,Nashik,Nashik,MH_NASHIK,2026-04-30,0.0,29.7,demo_fixture
Maharashtra,Nashik,Lasalgaon,MH_LASALGAON,2026-04-30,0.0,29.1,demo_fixture
Maharashtra,Thane,Vashi,MH_VASHI,2026-04-30,0.0,33.0,demo_fixture
Maharashtra,Nagpur,Nagpur,MH_NAGPUR,2026-04-30,0.0,30.3,demo_fixture
Maharashtra,Kolhapur,Kolhapur,MH_KOLHAPUR,2026-04-30,40.3,30.3,demo_fixture
Maharashtra,Ahmednagar,Ahmednagar,MH_AHMEDNAGAR,2026-04-30,0.0,33.1,demo_fixture
Maharashtra,Pune,Pune,MH_PUNE,2026-05-01,0.0,32.9,demo_fixture
Maharashtra,Nashik,Nashik,MH_NASHIK,2026-05-01,0.0,35.5,demo_fixture
Maharashtra,Nashik,Lasalgaon,MH_LASALGAON,2026-05-01,0.0,33.9,demo_fixture
Maharashtra,Thane,Vashi,MH_VASHI,2026-05-01,0.0,31.5,demo_fixture
Maharashtra,Nagpur,Nagpur,MH_NAGPUR,2026-05-01,0.0,30.7,demo_fixture
Maharashtra,Kolhapur,Kolhapur,MH_KOLHAPUR,2026-05-01,0.0,34.1,demo_fixture
Maharashtra,Ahmednagar,Ahmednagar,MH_AHMEDNAGAR,2026-05-01,21.7,36.0,demo_fixture
Maharashtra,Pune,Pune,MH_PUNE,2026-05-02,0.0,29.0,demo_fixture
Maharashtra,Nashik,Nashik,MH_NASHIK,2026-05-02,0.0,30.5,demo_fixture
Maharashtra,Nashik,Lasalgaon,MH_LASALGAON,2026-05-02,0.0,35.1,demo_fixture
Maharashtra,Thane,Vashi,MH_VASHI,2026-05-02,0.0,31.3,demo_fixture
Maharashtra,Nagpur,Nagpur,MH_NAGPUR,2026-05-02,0.0,34.8,demo_fixture
Maharashtra,Kolhapur,Kolhapur,MH_KOLHAPUR,2026-05-02,0.0,33.1,demo_fixture
Maharashtra,Ahmednagar,Ahmednagar,MH_AHMEDNAGAR,2026-05-02,0.0,33.4,demo_fixture
Maharashtra,Pune,Pune,MH_PUNE,2026-05-03,37.1,30.7,demo_fixture
Maharashtra,Nashik,Nashik,MH_NASHIK,2026-05-03,0.0,35.5,demo_fixture
Maharashtra,Nashik,Lasalgaon,MH_LASALGAON,2026-05-03,7.0,29.3,demo_fixture
Maharashtra,Thane,Vashi,MH_VASHI,2026-05-03,0.0,30.5,demo_fixture
Maharashtra,Nagpur,Nagpur,MH_NAGPUR,2026-05-03,0.0,33.9,demo_fixture
Maharashtra,Kolhapur,Kolhapur,MH_KOLHAPUR,2026-05-03,0.0,33.3,demo_fixture
Maharashtra,Ahmednagar,Ahmednagar,MH_AHMEDNAGAR,2026-05-03,0.0,32.2,demo_fixture
Maharashtra,Pune,Pune,MH_PUNE,2026-05-04,0.0,34.8,demo_fixture
Maharashtra,Nashik,Nashik,MH_NASHIK,2026-05-04,20.2,30.6,demo_fixture
Maharashtra,Nashik,Lasalgaon,MH_LASALGAON,2026-05-04,35.2,33.3,demo_fixture
Maharashtra,Thane,Vashi,MH_VASHI,2026-05-04,0.0,34.1,demo_fixture
Maharashtra,Nagpur,Nagpur,MH_NAGPUR,2026-05-04,0.0,31.7,demo_fixture
Maharashtra,Kolhapur,Kolhapur,MH_KOLHAPUR,2026-05-04,5.2,35.1,demo_fixture
Maharashtra,Ahmednagar,Ahmednagar,MH_AHMEDNAGAR,2026-05-04,0.0,32.6,demo_fixture
Maharashtra,Pune,Pune,MH_PUNE,2026-05-05,0.0,32.9,demo_fixture
Maharashtra,Nashik,Nashik,MH_NASHIK,2026-05-05,7.5,30.8,demo_fixture
Maharashtra,Nashik,Lasalgaon,MH_LASALGAON,2026-05-05,0.0,34.5,demo_fixture
Maharashtra,Thane,Vashi,MH_VASHI,2026-05-05,0.0,35.2,demo_fixture
Maharashtra,Nagpur,Nagpur,MH_NAGPUR,2026-05-05,0.0,30.4,demo_fixture
Maharashtra,Kolhapur,Kolhapur,MH_KOLHAPUR,2026-05-05,35.5,35.1,demo_fixture
Maharashtra,Ahmednagar,Ahmednagar,MH_AHMEDNAGAR,2026-05-05,0.0,33.2,demo_fixture
Maharashtra,Pune,Pune,MH_PUNE,2026-05-06,0.0,35.5,demo_fixture
Maharashtra,Nashik,Nashik,MH_NASHIK,2026-05-06,0.0,35.8,demo_fixture
Maharashtra,Nashik,Lasalgaon,MH_LASALGAON,2026-05-06,0.0,35.1,demo_fixture
Maharashtra,Thane,Vashi,MH_VASHI,2026-05-06,33.7,31.0,demo_fixture
Maharashtra,Nagpur,Nagpur,MH_NAGPUR,2026-05-06,0.0,34.5,demo_fixture
Maharashtra,Kolhapur,Kolhapur,MH_KOLHAPUR,2026-05-06,0.0,34.6,demo_fixture
Maharashtra,Ahmednagar,Ahmednagar,MH_AHMEDNAGAR,2026-05-06,0.0,34.4,demo_fixture
Maharashtra,Pune,Pune,MH_PUNE,2026-05-07,39.5,34.9,demo_fixture
Maharashtra,Nashik,Nashik,MH_NASHIK,2026-05-07,0.0,34.6,demo_fixture
Maharashtra,Nashik,Lasalgaon,MH_LASALGAON,2026-05-07,0.0,30.8,demo_fixture
Maharashtra,Thane,Vashi,MH_VASHI,2026-05-07,0.0,30.2,demo_fixture
Maharashtra,Nagpur,Nagpur,MH_NAGPUR,2026-05-07,10.3,31.0,demo_fixture
Maharashtra,Kolhapur,Kolhapur,MH_KOLHAPUR,2026-05-07,0.0,35.8,demo_fixture
Maharashtra,Ahmednagar,Ahmednagar,MH_AHMEDNAGAR,2026-05-07,0.0,33.3,demo_fixture
Maharashtra,Pune,Pune,MH_PUNE,2026-05-08,0.0,35.9,demo_fixture
Maharashtra,Nashik,Nashik,MH_NASHIK,2026-05-08,0.0,35.5,demo_fixture
Maharashtra,Nashik,Lasalgaon,MH_LASALGAON,2026-05-08,43.7,29.8,demo_fixture
Maharashtra,Thane,Vashi,MH_VASHI,2026-05-08,0.0,30.5,demo_fixture
Maharashtra,Nagpur,Nagpur,MH_NAGPUR,2026-05-08,20.7,34.0,demo_fixture
Maharashtra,Kolhapur,Kolhapur,MH_KOLHAPUR,2026-05-08,0.0,33.0,demo_fixture
Maharashtra,Ahmednagar,Ahmednagar,MH_AHMEDNAGAR,2026-05-08,0.0,31.4,demo_fixture
Maharashtra,Pune,Pune,MH_PUNE,2026-05-09,0.0,30.4,demo_fixture
Maharashtra,Nashik,Nashik,MH_NASHIK,2026-05-09,0.0,28.5,demo_fixture
Maharashtra,Nashik,Lasalgaon,MH_LASALGAON,2026-05-09,0.0,32.5,demo_fixture
Maharashtra,Thane,Vashi,MH_VASHI,2026-05-09,0.0,34.1,demo_fixture
Maharashtra,Nagpur,Nagpur,MH_NAGPUR,2026-05-09,0.0,31.2,demo_fixture
Maharashtra,Kolhapur,Kolhapur,MH_KOLHAPUR,2026-05-09,30.6,31.0,demo_fixture
Maharashtra,Ahmednagar,Ahmednagar,MH_AHMEDNAGAR,2026-05-09,0.0,34.9,demo_fixture
Maharashtra,Pune,Pune,MH_PUNE,2026-05-10,0.0,30.8,demo_fixture
Maharashtra,Nashik,Nashik,MH_NASHIK,2026-05-10,0.0,31.6,demo_fixture
Maharashtra,Nashik,Lasalgaon,MH_LASALGAON,2026-05-10,0.0,30.7,demo_fixture
Maharashtra,Thane,Vashi,MH_VASHI,2026-05-10,20.1,35.6,demo_fixture
Maharashtra,Nagpur,Nagpur,MH_NAGPUR,2026-05-10,0.0,35.3,demo_fixture
Maharashtra,Kolhapur,Kolhapur,MH_KOLHAPUR,2026-05-10,0.0,30.8,demo_fixture
Maharashtra,Ahmednagar,Ahmednagar,MH_AHMEDNAGAR,2026-05-10,0.0,28.5,demo_fixture
Maharashtra,Pune,Pune,MH_PUNE,2026-05-11,0.0,31.7,demo_fixture
Maharashtra,Nashik,Nashik,MH_NASHIK,2026-05-11,0.0,33.4,demo_fixture
Maharashtra,Nashik,Lasalgaon,MH_LASALGAON,2026-05-11,0.0,31.8,demo_fixture
Maharashtra,Thane,Vashi,MH_VASHI,2026-05-11,0.0,32.0,demo_fixture
Maharashtra,Nagpur,Nagpur,MH_NAGPUR,2026-05-11,0.0,34.5,demo_fixture
Maharashtra,Kolhapur,Kolhapur,MH_KOLHAPUR,2026-05-11,0.0,29.1,demo_fixture
Maharashtra,Ahmednagar,Ahmednagar,MH_AHMEDNAGAR,2026-05-11,0.0,33.2,demo_fixture
Maharashtra,Pune,Pune,MH_PUNE,2026-05-12,0.0,34.6,demo_fixture
Maharashtra,Nashik,Nashik,MH_NASHIK,2026-05-12,0.0,33.5,demo_fixture
Maharashtra,Nashik,Lasalgaon,MH_LASALGAON,2026-05-12,0.0,30.0,demo_fixture
Maharashtra,Thane,Vashi,MH_VASHI,2026-05-12,12.5,32.1,demo_fixture
Maharashtra,Nagpur,Nagpur,MH_NAGPUR,2026-05-12,0.0,29.0,demo_fixture
Maharashtra,Kolhapur,Kolhapur,MH_KOLHAPUR,2026-05-12,0.0,33.2,demo_fixture
Maharashtra,Ahmednagar,Ahmednagar,MH_AHMEDNAGAR,2026-05-12,0.0,33.7,demo_fixture
Maharashtra,Pune,Pune,MH_PUNE,2026-05-13,0.0,30.3,demo_fixture
Maharashtra,Nashik,Nashik,MH_NASHIK,2026-05-13,0.0,28.5,demo_fixture
Maharashtra,Nashik,Lasalgaon,MH_LASALGAON,2026-05-13,0.0,34.3,demo_fixture
Maharashtra,Thane,Vashi,MH_VASHI,2026-05-13,20.3,29.8,demo_fixture
Maharashtra,Nagpur,Nagpur,MH_NAGPUR,2026-05-13,0.0,32.4,demo_fixture
Maharashtra,Kolhapur,Kolhapur,MH_KOLHAPUR,2026-05-13,12.7,34.9,demo_fixture
Maharashtra,Ahmednagar,Ahmednagar,MH_AHMEDNAGAR,2026-05-13,0.0,34.5,demo_fixture
Maharashtra,Pune,Pune,MH_PUNE,2026-05-14,0.0,35.9,demo_fixture
Maharashtra,Nashik,Nashik,MH_NASHIK,2026-05-14,0.0,35.6,demo_fixture
Maharashtra,Nashik,Lasalgaon,MH_LASALGAON,2026-05-14,0.0,33.1,demo_fixture
Maharashtra,Thane,Vashi,MH_VASHI,2026-05-14,0.0,32.3,demo_fixture
Maharashtra,Nagpur,Nagpur,MH_NAGPUR,2026-05-14,0.0,32.6,demo_fixture
Maharashtra,Kolhapur,Kolhapur,MH_KOLHAPUR,2026-05-14,0.0,34.1,demo_fixture
Maharashtra,Ahmednagar,Ahmednagar,MH_AHMEDNAGAR,2026-05-14,0.0,30.4,demo_fixture
Maharashtra,Pune,Pune,MH_PUNE,2026-05-15,0.0,33.3,demo_fixture
Maharashtra,Nashik,Nashik,MH_NASHIK,2026-05-15,0.0,32.4,demo_fixture
Maharashtra,Nashik,Lasalgaon,MH_LASALGAON,2026-05-15,0.0,30.6,demo_fixture
Maharashtra,Thane,Vashi,MH_VASHI,2026-05-15,14.3,30.5,demo_fixture
Maharashtra,Nagpur,Nagpur,MH_NAGPUR,2026-05-15,0.0,32.6,demo_fixture
Maharashtra,Kolhapur,Kolhapur,MH_KOLHAPUR,2026-05-15,11.9,33.7,demo_fixture
Maharashtra,Ahmednagar,Ahmednagar,MH_AHMEDNAGAR,2026-05-15,0.0,29.0,demo_fixture
Maharashtra,Pune,Pune,MH_PUNE,2026-05-16,0.0,32.6,demo_fixture
Maharashtra,Nashik,Nashik,MH_NASHIK,2026-05-16,0.0,30.1,demo_fixture
Maharashtra,Nashik,Lasalgaon,MH_LASALGAON,2026-05-16,0.0,35.3,demo_fixture
Maharashtra,Thane,Vashi,MH_VASHI,2026-05-16,0.0,33.7,demo_fixture
Maharashtra,Nagpur,Nagpur,MH_NAGPUR,2026-05-16,0.0,34.2,demo_fixture
Maharashtra,Kolhapur,Kolhapur,MH_KOLHAPUR,2026-05-16,0.0,28.5,demo_fixture
Maharashtra,Ahmednagar,Ahmednagar,MH_AHMEDNAGAR,2026-05-16,0.0,34.2,demo_fixture
Maharashtra,Pune,Pune,MH_PUNE,2026-05-17,0.0,35.7,demo_fixture
Maharashtra,Nashik,Nashik,MH_NASHIK,2026-05-17,0.0,34.1,demo_fixture
Maharashtra,Nashik,Lasalgaon,MH_LASALGAON,2026-05-17,0.0,33.0,demo_fixture
Maharashtra,Thane,Vashi,MH_VASHI,2026-05-17,0.0,30.1,demo_fixture
Maharashtra,Nagpur,Nagpur,MH_NAGPUR,2026-05-17,0.0,28.7,demo_fixture
Maharashtra,Kolhapur,Kolhapur,MH_KOLHAPUR,2026-05-17,0.0,33.6,demo_fixture
Maharashtra,Ahmednagar,Ahmednagar,MH_AHMEDNAGAR,2026-05-17,0.0,29.7,demo_fixture
Maharashtra,Pune,Pune,MH_PUNE,2026-05-18,0.0,29.5,demo_fixture
Maharashtra,Nashik,Nashik,MH_NASHIK,2026-05-18,0.0,28.7,demo_fixture
Maharashtra,Nashik,Lasalgaon,MH_LASALGAON,2026-05-18,0.0,32.7,demo_fixture
Maharashtra,Thane,Vashi,MH_VASHI,2026-05-18,29.6,29.5,demo_fixture
Maharashtra,Nagpur,Nagpur,MH_NAGPUR,2026-05-18,0.0,28.9,demo_fixture
Maharashtra,Kolhapur,Kolhapur,MH_KOLHAPUR,2026-05-18,0.0,30.1,demo_fixture
Maharashtra,Ahmednagar,Ahmednagar,MH_AHMEDNAGAR,2026-05-18,0.0,34.2,demo_fixture
Maharashtra,Pune,Pune,MH_PUNE,2026-05-19,0.0,34.1,demo_fixture
Maharashtra,Nashik,Nashik,MH_NASHIK,2026-05-19,0.0,30.4,demo_fixture
Maharashtra,Nashik,Lasalgaon,MH_LASALGAON,2026-05-19,2.8,32.5,demo_fixture
Maharashtra,Thane,Vashi,MH_VASHI,2026-05-19,0.0,31.1,demo_fixture
Maharashtra,Nagpur,Nagpur,MH_NAGPUR,2026-05-19,0.0,34.4,demo_fixture
Maharashtra,Kolhapur,Kolhapur,MH_KOLHAPUR,2026-05-19,0.0,34.2,demo_fixture
Maharashtra,Ahmednagar,Ahmednagar,MH_AHMEDNAGAR,2026-05-19,0.0,30.0,demo_fixture
Maharashtra,Pune,Pune,MH_PUNE,2026-05-20,8.6,29.4,demo_fixture
Maharashtra,Nashik,Nashik,MH_NASHIK,2026-05-20,0.0,32.7,demo_fixture
Maharashtra,Nashik,Lasalgaon,MH_LASALGAON,2026-05-20,0.0,33.7,demo_fixture
Maharashtra,Thane,Vashi,MH_VASHI,2026-05-20,0.0,29.8,demo_fixture
Maharashtra,Nagpur,Nagpur,MH_NAGPUR,2026-05-20,0.0,34.1,demo_fixture
Maharashtra,Kolhapur,Kolhapur,MH_KOLHAPUR,2026-05-20,37.2,35.7,demo_fixture
Maharashtra,Ahmednagar,Ahmednagar,MH_AHMEDNAGAR,2026-05-20,3.1,30.8,demo_fixture
Maharashtra,Pune,Pune,MH_PUNE,2026-05-21,0.0,35.7,demo_fixture
Maharashtra,Nashik,Nashik,MH_NASHIK,2026-05-21,0.0,33.9,demo_fixture
Maharashtra,Nashik,Lasalgaon,MH_LASALGAON,2026-05-21,31.7,33.2,demo_fixture
Maharashtra,Thane,Vashi,MH_VASHI,2026-05-21,35.2,34.9,demo_fixture
Maharashtra,Nagpur,Nagpur,MH_NAGPUR,2026-05-21,0.0,29.4,demo_fixture
Maharashtra,Kolhapur,Kolhapur,MH_KOLHAPUR,2026-05-21,0.0,34.4,demo_fixture
Maharashtra,Ahmednagar,Ahmednagar,MH_AHMEDNAGAR,2026-05-21,0.0,31.7,demo_fixture
Maharashtra,Pune,Pune,MH_PUNE,2026-05-22,0.0,32.3,demo_fixture
Maharashtra,Nashik,Nashik,MH_NASHIK,2026-05-22,0.0,34.9,demo_fixture
Maharashtra,Nashik,Lasalgaon,MH_LASALGAON,2026-05-22,0.0,29.3,demo_fixture
Maharashtra,Thane,Vashi,MH_VASHI,2026-05-22,0.0,33.3,demo_fixture
Maharashtra,Nagpur,Nagpur,MH_NAGPUR,2026-05-22,0.0,33.8,demo_fixture
Maharashtra,Kolhapur,Kolhapur,MH_KOLHAPUR,2026-05-22,0.0,34.0,demo_fixture
Maharashtra,Ahmednagar,Ahmednagar,MH_AHMEDNAGAR,2026-05-22,0.0,30.5,demo_fixture
Maharashtra,Pune,Pune,MH_PUNE,2026-05-23,0.0,32.5,demo_fixture
Maharashtra,Nashik,Nashik,MH_NASHIK,2026-05-23,0.0,31.8,demo_fixture
Maharashtra,Nashik,Lasalgaon,MH_LASALGAON,2026-05-23,0.0,30.5,demo_fixture
Maharashtra,Thane,Vashi,MH_VASHI,2026-05-23,0.0,34.7,demo_fixture
Maharashtra,Nagpur,Nagpur,MH_NAGPUR,2026-05-23,39.9,30.3,demo_fixture
Maharashtra,Kolhapur,Kolhapur,MH_KOLHAPUR,2026-05-23,0.0,33.1,demo_fixture
Maharashtra,Ahmednagar,Ahmednagar,MH_AHMEDNAGAR,2026-05-23,0.0,28.7,demo_fixture
Maharashtra,Pune,Pune,MH_PUNE,2026-05-24,0.0,29.9,demo_fixture
Maharashtra,Nashik,Nashik,MH_NASHIK,2026-05-24,0.0,34.5,demo_fixture
Maharashtra,Nashik,Lasalgaon,MH_LASALGAON,2026-05-24,0.0,35.1,demo_fixture
Maharashtra,Thane,Vashi,MH_VASHI,2026-05-24,0.0,30.6,demo_fixture
Maharashtra,Nagpur,Nagpur,MH_NAGPUR,2026-05-24,42.8,29.1,demo_fixture
Maharashtra,Kolhapur,Kolhapur,MH_KOLHAPUR,2026-05-24,0.0,32.2,demo_fixture
Maharashtra,Ahmednagar,Ahmednagar,MH_AHMEDNAGAR,2026-05-24,0.0,33.7,demo_fixture
Maharashtra,Pune,Pune,MH_PUNE,2026-05-25,0.0,32.2,demo_fixture
Maharashtra,Nashik,Nashik,MH_NASHIK,2026-05-25,0.0,29.2,demo_fixture
Maharashtra,Nashik,Lasalgaon,MH_LASALGAON,2026-05-25,0.0,33.7,demo_fixture
Maharashtra,Thane,Vashi,MH_VASHI,2026-05-25,0.0,32.9,demo_fixture
Maharashtra,Nagpur,Nagpur,MH_NAGPUR,2026-05-25,0.0,32.5,demo_fixture
Maharashtra,Kolhapur,Kolhapur,MH_KOLHAPUR,2026-05-25,0.0,34.1,demo_fixture
Maharashtra,Ahmednagar,Ahmednagar,MH_AHMEDNAGAR,2026-05-25,0.0,33.8,demo_fixture
Maharashtra,Pune,Pune,MH_PUNE,2026-05-26,0.0,30.4,demo_fixture
Maharashtra,Nashik,Nashik,MH_NASHIK,2026-05-26,10.3,29.4,demo_fixture
Maharashtra,Nashik,Lasalgaon,MH_LASALGAON,2026-05-26,0.0,34.2,demo_fixture
Maharashtra,Thane,Vashi,MH_VASHI,2026-05-26,0.0,30.1,demo_fixture
Maharashtra,Nagpur,Nagpur,MH_NAGPUR,2026-05-26,0.0,33.9,demo_fixture
Maharashtra,Kolhapur,Kolhapur,MH_KOLHAPUR,2026-05-26,0.0,32.4,demo_fixture
Maharashtra,Ahmednagar,Ahmednagar,MH_AHMEDNAGAR,2026-05-26,0.0,29.3,demo_fixture
Maharashtra,Pune,Pune,MH_PUNE,2026-05-27,0.0,30.2,demo_fixture
Maharashtra,Nashik,Nashik,MH_NASHIK,2026-05-27,0.0,28.6,demo_fixture
Maharashtra,Nashik,Lasalgaon,MH_LASALGAON,2026-05-27,0.0,30.6,demo_fixture
Maharashtra,Thane,Vashi,MH_VASHI,2026-05-27,0.0,32.7,demo_fixture
Maharashtra,Nagpur,Nagpur,MH_NAGPUR,2026-05-27,0.0,29.4,demo_fixture
Maharashtra,Kolhapur,Kolhapur,MH_KOLHAPUR,2026-05-27,0.0,32.2,demo_fixture
Maharashtra,Ahmednagar,Ahmednagar,MH_AHMEDNAGAR,2026-05-27,0.0,32.8,demo_fixture
Maharashtra,Pune,Pune,MH_PUNE,2026-05-28,0.0,31.8,demo_fixture
Maharashtra,Nashik,Nashik,MH_NASHIK,2026-05-28,0.0,28.9,demo_fixture
Maharashtra,Nashik,Lasalgaon,MH_LASALGAON,2026-05-28,0.0,32.1,demo_fixture
Maharashtra,Thane,Vashi,MH_VASHI,2026-05-28,0.0,31.5,demo_fixture
Maharashtra,Nagpur,Nagpur,MH_NAGPUR,2026-05-28,29.1,28.9,demo_fixture
Maharashtra,Kolhapur,Kolhapur,MH_KOLHAPUR,2026-05-28,26.2,30.8,demo_fixture
Maharashtra,Ahmednagar,Ahmednagar,MH_AHMEDNAGAR,2026-05-28,0.0,29.4,demo_fixture
Maharashtra,Pune,Pune,MH_PUNE,2026-05-29,0.0,33.0,demo_fixture
Maharashtra,Nashik,Nashik,MH_NASHIK,2026-05-29,0.0,30.2,demo_fixture
Maharashtra,Nashik,Lasalgaon,MH_LASALGAON,2026-05-29,0.0,31.9,demo_fixture
Maharashtra,Thane,Vashi,MH_VASHI,2026-05-29,0.0,35.0,demo_fixture
Maharashtra,Nagpur,Nagpur,MH_NAGPUR,2026-05-29,0.0,30.8,demo_fixture
Maharashtra,Kolhapur,Kolhapur,MH_KOLHAPUR,2026-05-29,0.0,33.1,demo_fixture
Maharashtra,Ahmednagar,Ahmednagar,MH_AHMEDNAGAR,2026-05-29,0.0,35.6,demo_fixture
Maharashtra,Pune,Pune,MH_PUNE,2026-05-30,0.0,30.1,demo_fixture
Maharashtra,Nashik,Nashik,MH_NASHIK,2026-05-30,0.0,29.7,demo_fixture
Maharashtra,Nashik,Lasalgaon,MH_LASALGAON,2026-05-30,0.0,29.1,demo_fixture
Maharashtra,Thane,Vashi,MH_VASHI,2026-05-30,21.4,33.0,demo_fixture
Maharashtra,Nagpur,Nagpur,MH_NAGPUR,2026-05-30,0.0,30.2,demo_fixture
Maharashtra,Kolhapur,Kolhapur,MH_KOLHAPUR,2026-05-30,0.0,33.8,demo_fixture
Maharashtra,Ahmednagar,Ahmednagar,MH_AHMEDNAGAR,2026-05-30,0.0,33.7,demo_fixture
Maharashtra,Pune,Pune,MH_PUNE,2026-05-31,0.0,34.4,demo_fixture
Maharashtra,Nashik,Nashik,MH_NASHIK,2026-05-31,0.0,33.5,demo_fixture
Maharashtra,Nashik,Lasalgaon,MH_LASALGAON,2026-05-31,0.0,31.7,demo_fixture
Maharashtra,Thane,Vashi,MH_VASHI,2026-05-31,0.0,33.4,demo_fixture
Maharashtra,Nagpur,Nagpur,MH_NAGPUR,2026-05-31,0.0,34.7,demo_fixture
Maharashtra,Kolhapur,Kolhapur,MH_KOLHAPUR,2026-05-31,9.1,30.8,demo_fixture
Maharashtra,Ahmednagar,Ahmednagar,MH_AHMEDNAGAR,2026-05-31,0.0,32.8,demo_fixture
Maharashtra,Pune,Pune,MH_PUNE,2026-06-01,7.3,30.7,demo_fixture
Maharashtra,Nashik,Nashik,MH_NASHIK,2026-06-01,0.0,32.6,demo_fixture
Maharashtra,Nashik,Lasalgaon,MH_LASALGAON,2026-06-01,23.2,26.1,demo_fixture
Maharashtra,Thane,Vashi,MH_VASHI,2026-06-01,20.6,27.9,demo_fixture
Maharashtra,Nagpur,Nagpur,MH_NAGPUR,2026-06-01,5.9,32.7,demo_fixture
Maharashtra,Kolhapur,Kolhapur,MH_KOLHAPUR,2026-06-01,0.0,29.8,demo_fixture
Maharashtra,Ahmednagar,Ahmednagar,MH_AHMEDNAGAR,2026-06-01,0.0,33.0,demo_fixture
Maharashtra,Pune,Pune,MH_PUNE,2026-06-02,0.0,27.5,demo_fixture
Maharashtra,Nashik,Nashik,MH_NASHIK,2026-06-02,34.5,29.0,demo_fixture
Maharashtra,Nashik,Lasalgaon,MH_LASALGAON,2026-06-02,0.0,32.4,demo_fixture
Maharashtra,Thane,Vashi,MH_VASHI,2026-06-02,27.2,30.3,demo_fixture
Maharashtra,Nagpur,Nagpur,MH_NAGPUR,2026-06-02,5.9,28.1,demo_fixture
Maharashtra,Kolhapur,Kolhapur,MH_KOLHAPUR,2026-06-02,30.8,31.9,demo_fixture
Maharashtra,Ahmednagar,Ahmednagar,MH_AHMEDNAGAR,2026-06-02,31.8,27.7,demo_fixture
Maharashtra,Pune,Pune,MH_PUNE,2026-06-03,0.0,31.6,demo_fixture
Maharashtra,Nashik,Nashik,MH_NASHIK,2026-06-03,0.0,28.9,demo_fixture
Maharashtra,Nashik,Lasalgaon,MH_LASALGAON,2026-06-03,15.9,32.8,demo_fixture
Maharashtra,Thane,Vashi,MH_VASHI,2026-06-03,24.1,32.9,demo_fixture
Maharashtra,Nagpur,Nagpur,MH_NAGPUR,2026-06-03,0.0,29.6,demo_fixture
Maharashtra,Kolhapur,Kolhapur,MH_KOLHAPUR,2026-06-03,10.1,28.2,demo_fixture
Maharashtra,Ahmednagar,Ahmednagar,MH_AHMEDNAGAR,2026-06-03,0.0,30.2,demo_fixture
Maharashtra,Pune,Pune,MH_PUNE,2026-06-04,0.0,27.0,demo_fixture
Maharashtra,Nashik,Nashik,MH_NASHIK,2026-06-04,41.9,28.8,demo_fixture
Maharashtra,Nashik,Lasalgaon,MH_LASALGAON,2026-06-04,0.0,26.4,demo_fixture
Maharashtra,Thane,Vashi,MH_VASHI,2026-06-04,0.0,30.1,demo_fixture
Maharashtra,Nagpur,Nagpur,MH_NAGPUR,2026-06-04,8.8,29.6,demo_fixture
Maharashtra,Kolhapur,Kolhapur,MH_KOLHAPUR,2026-06-04,0.0,26.2,demo_fixture
Maharashtra,Ahmednagar,Ahmednagar,MH_AHMEDNAGAR,2026-06-04,0.0,32.3,demo_fixture
Maharashtra,Pune,Pune,MH_PUNE,2026-06-05,7.1,31.7,demo_fixture
Maharashtra,Nashik,Nashik,MH_NASHIK,2026-06-05,32.8,29.3,demo_fixture
Maharashtra,Nashik,Lasalgaon,MH_LASALGAON,2026-06-05,37.9,32.9,demo_fixture
Maharashtra,Thane,Vashi,MH_VASHI,2026-06-05,25.7,28.4,demo_fixture
Maharashtra,Nagpur,Nagpur,MH_NAGPUR,2026-06-05,0.0,29.3,demo_fixture
Maharashtra,Kolhapur,Kolhapur,MH_KOLHAPUR,2026-06-05,0.0,32.0,demo_fixture
Maharashtra,Ahmednagar,Ahmednagar,MH_AHMEDNAGAR,2026-06-05,36.0,28.6,demo_fixture
Maharashtra,Pune,Pune,MH_PUNE,2026-06-06,0.0,29.3,demo_fixture
Maharashtra,Nashik,Nashik,MH_NASHIK,2026-06-06,0.0,27.6,demo_fixture
Maharashtra,Nashik,Lasalgaon,MH_LASALGAON,2026-06-06,27.2,33.0,demo_fixture
Maharashtra,Thane,Vashi,MH_VASHI,2026-06-06,8.4,29.5,demo_fixture
Maharashtra,Nagpur,Nagpur,MH_NAGPUR,2026-06-06,25.7,29.6,demo_fixture
Maharashtra,Kolhapur,Kolhapur,MH_KOLHAPUR,2026-06-06,15.8,26.9,demo_fixture
Maharashtra,Ahmednagar,Ahmednagar,MH_AHMEDNAGAR,2026-06-06,0.0,29.8,demo_fixture
Maharashtra,Pune,Pune,MH_PUNE,2026-06-07,35.3,25.8,demo_fixture
Maharashtra,Nashik,Nashik,MH_NASHIK,2026-06-07,0.0,30.8,demo_fixture
Maharashtra,Nashik,Lasalgaon,MH_LASALGAON,2026-06-07,0.0,28.4,demo_fixture
Maharashtra,Thane,Vashi,MH_VASHI,2026-06-07,0.0,31.7,demo_fixture
Maharashtra,Nagpur,Nagpur,MH_NAGPUR,2026-06-07,0.0,29.2,demo_fixture
Maharashtra,Kolhapur,Kolhapur,MH_KOLHAPUR,2026-06-07,23.6,29.9,demo_fixture
Maharashtra,Ahmednagar,Ahmednagar,MH_AHMEDNAGAR,2026-06-07,0.0,32.1,demo_fixture
Maharashtra,Pune,Pune,MH_PUNE,2026-06-08,24.6,28.9,demo_fixture
Maharashtra,Nashik,Nashik,MH_NASHIK,2026-06-08,0.0,28.6,demo_fixture
Maharashtra,Nashik,Lasalgaon,MH_LASALGAON,2026-06-08,0.0,26.7,demo_fixture
Maharashtra,Thane,Vashi,MH_VASHI,2026-06-08,43.7,28.0,demo_fixture
Maharashtra,Nagpur,Nagpur,MH_NAGPUR,2026-06-08,0.0,30.4,demo_fixture
Maharashtra,Kolhapur,Kolhapur,MH_KOLHAPUR,2026-06-08,0.0,31.9,demo_fixture
Maharashtra,Ahmednagar,Ahmednagar,MH_AHMEDNAGAR,2026-06-08,0.0,28.4,demo_fixture
Maharashtra,Pune,Pune,MH_PUNE,2026-06-09,32.9,31.2,demo_fixture
Maharashtra,Nashik,Nashik,MH_NASHIK,2026-06-09,0.0,25.8,demo_fixture
Maharashtra,Nashik,Lasalgaon,MH_LASALGAON,2026-06-09,29.1,32.4,demo_fixture
Maharashtra,Thane,Vashi,MH_VASHI,2026-06-09,0.0,31.1,demo_fixture
Maharashtra,Nagpur,Nagpur,MH_NAGPUR,2026-06-09,6.2,30.3,demo_fixture
Maharashtra,Kolhapur,Kolhapur,MH_KOLHAPUR,2026-06-09,0.0,28.8,demo_fixture
Maharashtra,Ahmednagar,Ahmednagar,MH_AHMEDNAGAR,2026-06-09,0.0,32.3,demo_fixture
Maharashtra,Pune,Pune,MH_PUNE,2026-06-10,36.2,27.7,demo_fixture
Maharashtra,Nashik,Nashik,MH_NASHIK,2026-06-10,8.3,29.5,demo_fixture
Maharashtra,Nashik,Lasalgaon,MH_LASALGAON,2026-06-10,0.0,31.4,demo_fixture
Maharashtra,Thane,Vashi,MH_VASHI,2026-06-10,5.4,32.0,demo_fixture
Maharashtra,Nagpur,Nagpur,MH_NAGPUR,2026-06-10,0.0,27.3,demo_fixture
Maharashtra,Kolhapur,Kolhapur,MH_KOLHAPUR,2026-06-10,0.0,26.6,demo_fixture
Maharashtra,Ahmednagar,Ahmednagar,MH_AHMEDNAGAR,2026-06-10,12.9,27.4,demo_fixture
Maharashtra,Pune,Pune,MH_PUNE,2026-06-11,36.6,32.3,demo_fixture
Maharashtra,Nashik,Nashik,MH_NASHIK,2026-06-11,0.0,26.7,demo_fixture
Maharashtra,Nashik,Lasalgaon,MH_LASALGAON,2026-06-11,16.9,29.9,demo_fixture
Maharashtra,Thane,Vashi,MH_VASHI,2026-06-11,0.0,28.7,demo_fixture
Maharashtra,Nagpur,Nagpur,MH_NAGPUR,2026-06-11,38.3,27.0,demo_fixture
Maharashtra,Kolhapur,Kolhapur,MH_KOLHAPUR,2026-06-11,22.8,27.3,demo_fixture
Maharashtra,Ahmednagar,Ahmednagar,MH_AHMEDNAGAR,2026-06-11,0.0,29.8,demo_fixture
Maharashtra,Pune,Pune,MH_PUNE,2026-06-12,0.0,27.7,demo_fixture
Maharashtra,Nashik,Nashik,MH_NASHIK,2026-06-12,0.0,30.4,demo_fixture
Maharashtra,Nashik,Lasalgaon,MH_LASALGAON,2026-06-12,26.3,30.6,demo_fixture
Maharashtra,Thane,Vashi,MH_VASHI,2026-06-12,0.0,25.9,demo_fixture
Maharashtra,Nagpur,Nagpur,MH_NAGPUR,2026-06-12,0.0,29.2,demo_fixture
Maharashtra,Kolhapur,Kolhapur,MH_KOLHAPUR,2026-06-12,0.0,27.6,demo_fixture
Maharashtra,Ahmednagar,Ahmednagar,MH_AHMEDNAGAR,2026-06-12,0.0,30.1,demo_fixture
Maharashtra,Pune,Pune,MH_PUNE,2026-06-13,29.4,30.2,demo_fixture
Maharashtra,Nashik,Nashik,MH_NASHIK,2026-06-13,0.0,30.9,demo_fixture
Maharashtra,Nashik,Lasalgaon,MH_LASALGAON,2026-06-13,0.0,31.8,demo_fixture
Maharashtra,Thane,Vashi,MH_VASHI,2026-06-13,0.0,32.3,demo_fixture
Maharashtra,Nagpur,Nagpur,MH_NAGPUR,2026-06-13,0.0,27.8,demo_fixture
Maharashtra,Kolhapur,Kolhapur,MH_KOLHAPUR,2026-06-13,26.9,31.0,demo_fixture
Maharashtra,Ahmednagar,Ahmednagar,MH_AHMEDNAGAR,2026-06-13,14.7,31.1,demo_fixture
Maharashtra,Pune,Pune,MH_PUNE,2026-06-14,7.7,29.5,demo_fixture
Maharashtra,Nashik,Nashik,MH_NASHIK,2026-06-14,0.0,29.5,demo_fixture
Maharashtra,Nashik,Lasalgaon,MH_LASALGAON,2026-06-14,0.0,31.7,demo_fixture
Maharashtra,Thane,Vashi,MH_VASHI,2026-06-14,37.5,29.1,demo_fixture
Maharashtra,Nagpur,Nagpur,MH_NAGPUR,2026-06-14,0.0,31.1,demo_fixture
Maharashtra,Kolhapur,Kolhapur,MH_KOLHAPUR,2026-06-14,7.0,32.7,demo_fixture
Maharashtra,Ahmednagar,Ahmednagar,MH_AHMEDNAGAR,2026-06-14,43.6,32.0,demo_fixture
Maharashtra,Pune,Pune,MH_PUNE,2026-06-15,0.0,32.8,demo_fixture
Maharashtra,Nashik,Nashik,MH_NASHIK,2026-06-15,0.0,31.5,demo_fixture
Maharashtra,Nashik,Lasalgaon,MH_LASALGAON,2026-06-15,36.0,25.6,demo_fixture
Maharashtra,Thane,Vashi,MH_VASHI,2026-06-15,21.6,30.5,demo_fixture
Maharashtra,Nagpur,Nagpur,MH_NAGPUR,2026-06-15,0.0,29.9,demo_fixture
Maharashtra,Kolhapur,Kolhapur,MH_KOLHAPUR,2026-06-15,0.0,32.6,demo_fixture
Maharashtra,Ahmednagar,Ahmednagar,MH_AHMEDNAGAR,2026-06-15,12.1,25.7,demo_fixture
Maharashtra,Pune,Pune,MH_PUNE,2026-06-16,0.0,29.7,demo_fixture
Maharashtra,Nashik,Nashik,MH_NASHIK,2026-06-16,0.0,27.2,demo_fixture
Maharashtra,Nashik,Lasalgaon,MH_LASALGAON,2026-06-16,37.4,32.3,demo_fixture
Maharashtra,Thane,Vashi,MH_VASHI,2026-06-16,19.6,26.5,demo_fixture
Maharashtra,Nagpur,Nagpur,MH_NAGPUR,2026-06-16,0.0,27.8,demo_fixture
Maharashtra,Kolhapur,Kolhapur,MH_KOLHAPUR,2026-06-16,6.2,32.2,demo_fixture
Maharashtra,Ahmednagar,Ahmednagar,MH_AHMEDNAGAR,2026-06-16,21.5,30.5,demo_fixture
Maharashtra,Pune,Pune,MH_PUNE,2026-06-17,0.0,32.6,demo_fixture
Maharashtra,Nashik,Nashik,MH_NASHIK,2026-06-17,33.9,26.7,demo_fixture
Maharashtra,Nashik,Lasalgaon,MH_LASALGAON,2026-06-17,6.3,29.2,demo_fixture
Maharashtra,Thane,Vashi,MH_VASHI,2026-06-17,42.9,25.7,demo_fixture
Maharashtra,Nagpur,Nagpur,MH_NAGPUR,2026-06-17,21.1,32.6,demo_fixture
Maharashtra,Kolhapur,Kolhapur,MH_KOLHAPUR,2026-06-17,0.0,26.2,demo_fixture
Maharashtra,Ahmednagar,Ahmednagar,MH_AHMEDNAGAR,2026-06-17,0.0,29.6,demo_fixture
Maharashtra,Pune,Pune,MH_PUNE,2026-06-18,0.0,28.2,demo_fixture
Maharashtra,Nashik,Nashik,MH_NASHIK,2026-06-18,10.2,26.4,demo_fixture
Maharashtra,Nashik,Lasalgaon,MH_LASALGAON,2026-06-18,0.0,28.9,demo_fixture
Maharashtra,Thane,Vashi,MH_VASHI,2026-06-18,0.0,30.3,demo_fixture
Maharashtra,Nagpur,Nagpur,MH_NAGPUR,2026-06-18,0.0,25.7,demo_fixture
Maharashtra,Kolhapur,Kolhapur,MH_KOLHAPUR,2026-06-18,0.0,27.3,demo_fixture
Maharashtra,Ahmednagar,Ahmednagar,MH_AHMEDNAGAR,2026-06-18,26.3,26.0,demo_fixture
Maharashtra,Pune,Pune,MH_PUNE,2026-06-19,0.0,27.1,demo_fixture
Maharashtra,Nashik,Nashik,MH_NASHIK,2026-06-19,39.4,28.0,demo_fixture
Maharashtra,Nashik,Lasalgaon,MH_LASALGAON,2026-06-19,40.7,25.5,demo_fixture
Maharashtra,Thane,Vashi,MH_VASHI,2026-06-19,0.0,26.6,demo_fixture
Maharashtra,Nagpur,Nagpur,MH_NAGPUR,2026-06-19,12.8,26.8,demo_fixture
Maharashtra,Kolhapur,Kolhapur,MH_KOLHAPUR,2026-06-19,0.0,25.7,demo_fixture
Maharashtra,Ahmednagar,Ahmednagar,MH_AHMEDNAGAR,2026-06-19,36.0,27.3,demo_fixture
Maharashtra,Pune,Pune,MH_PUNE,2026-06-20,9.5,25.9,demo_fixture
Maharashtra,Nashik,Nashik,MH_NASHIK,2026-06-20,0.0,29.4,demo_fixture
Maharashtra,Nashik,Lasalgaon,MH_LASALGAON,2026-06-20,0.0,29.1,demo_fixture
Maharashtra,Thane,Vashi,MH_VASHI,2026-06-20,0.0,29.3,demo_fixture
Maharashtra,Nagpur,Nagpur,MH_NAGPUR,2026-06-20,23.7,32.6,demo_fixture
Maharashtra,Kolhapur,Kolhapur,MH_KOLHAPUR,2026-06-20,35.7,32.0,demo_fixture
Maharashtra,Ahmednagar,Ahmednagar,MH_AHMEDNAGAR,2026-06-20,21.7,32.7,demo_fixture
Maharashtra,Pune,Pune,MH_PUNE,2026-06-21,22.6,28.5,demo_fixture
Maharashtra,Nashik,Nashik,MH_NASHIK,2026-06-21,0.0,29.2,demo_fixture
Maharashtra,Nashik,Lasalgaon,MH_LASALGAON,2026-06-21,0.0,26.1,demo_fixture
Maharashtra,Thane,Vashi,MH_VASHI,2026-06-21,28.2,26.0,demo_fixture
Maharashtra,Nagpur,Nagpur,MH_NAGPUR,2026-06-21,29.2,29.6,demo_fixture
Maharashtra,Kolhapur,Kolhapur,MH_KOLHAPUR,2026-06-21,44.8,29.5,demo_fixture
Maharashtra,Ahmednagar,Ahmednagar,MH_AHMEDNAGAR,2026-06-21,28.0,26.2,demo_fixture
Maharashtra,Pune,Pune,MH_PUNE,2026-06-22,0.0,31.9,demo_fixture
Maharashtra,Nashik,Nashik,MH_NASHIK,2026-06-22,0.0,31.3,demo_fixture
Maharashtra,Nashik,Lasalgaon,MH_LASALGAON,2026-06-22,0.0,27.1,demo_fixture
Maharashtra,Thane,Vashi,MH_VASHI,2026-06-22,11.8,28.0,demo_fixture
Maharashtra,Nagpur,Nagpur,MH_NAGPUR,2026-06-22,19.9,26.2,demo_fixture
Maharashtra,Kolhapur,Kolhapur,MH_KOLHAPUR,2026-06-22,30.6,28.3,demo_fixture
Maharashtra,Ahmednagar,Ahmednagar,MH_AHMEDNAGAR,2026-06-22,41.7,26.0,demo_fixture
Maharashtra,Pune,Pune,MH_PUNE,2026-06-23,0.0,26.2,demo_fixture
Maharashtra,Nashik,Nashik,MH_NASHIK,2026-06-23,33.8,31.6,demo_fixture
Maharashtra,Nashik,Lasalgaon,MH_LASALGAON,2026-06-23,0.0,29.9,demo_fixture
Maharashtra,Thane,Vashi,MH_VASHI,2026-06-23,0.0,28.0,demo_fixture
Maharashtra,Nagpur,Nagpur,MH_NAGPUR,2026-06-23,17.2,30.5,demo_fixture
Maharashtra,Kolhapur,Kolhapur,MH_KOLHAPUR,2026-06-23,0.0,32.0,demo_fixture
Maharashtra,Ahmednagar,Ahmednagar,MH_AHMEDNAGAR,2026-06-23,0.0,32.8,demo_fixture
Maharashtra,Pune,Pune,MH_PUNE,2026-06-24,0.0,28.1,demo_fixture
Maharashtra,Nashik,Nashik,MH_NASHIK,2026-06-24,0.0,27.1,demo_fixture
Maharashtra,Nashik,Lasalgaon,MH_LASALGAON,2026-06-24,0.0,27.2,demo_fixture
Maharashtra,Thane,Vashi,MH_VASHI,2026-06-24,38.4,28.3,demo_fixture
Maharashtra,Nagpur,Nagpur,MH_NAGPUR,2026-06-24,0.0,29.8,demo_fixture
Maharashtra,Kolhapur,Kolhapur,MH_KOLHAPUR,2026-06-24,0.0,31.8,demo_fixture
Maharashtra,Ahmednagar,Ahmednagar,MH_AHMEDNAGAR,2026-06-24,0.0,31.6,demo_fixture
Maharashtra,Pune,Pune,MH_PUNE,2026-06-25,0.0,30.3,demo_fixture
Maharashtra,Nashik,Nashik,MH_NASHIK,2026-06-25,42.0,31.7,demo_fixture
Maharashtra,Nashik,Lasalgaon,MH_LASALGAON,2026-06-25,9.8,30.8,demo_fixture
Maharashtra,Thane,Vashi,MH_VASHI,2026-06-25,16.6,25.5,demo_fixture
Maharashtra,Nagpur,Nagpur,MH_NAGPUR,2026-06-25,0.0,29.7,demo_fixture
Maharashtra,Kolhapur,Kolhapur,MH_KOLHAPUR,2026-06-25,8.1,30.2,demo_fixture
Maharashtra,Ahmednagar,Ahmednagar,MH_AHMEDNAGAR,2026-06-25,34.1,27.1,demo_fixture
Maharashtra,Pune,Pune,MH_PUNE,2026-06-26,16.7,28.3,demo_fixture
Maharashtra,Nashik,Nashik,MH_NASHIK,2026-06-26,0.0,31.3,demo_fixture
Maharashtra,Nashik,Lasalgaon,MH_LASALGAON,2026-06-26,0.0,26.1,demo_fixture
Maharashtra,Thane,Vashi,MH_VASHI,2026-06-26,8.8,30.1,demo_fixture
Maharashtra,Nagpur,Nagpur,MH_NAGPUR,2026-06-26,0.0,27.5,demo_fixture
Maharashtra,Kolhapur,Kolhapur,MH_KOLHAPUR,2026-06-26,0.0,29.1,demo_fixture
Maharashtra,Ahmednagar,Ahmednagar,MH_AHMEDNAGAR,2026-06-26,13.7,31.2,demo_fixture
Maharashtra,Pune,Pune,MH_PUNE,2026-06-27,20.5,27.6,demo_fixture
Maharashtra,Nashik,Nashik,MH_NASHIK,2026-06-27,0.0,29.1,demo_fixture
Maharashtra,Nashik,Lasalgaon,MH_LASALGAON,2026-06-27,0.0,25.8,demo_fixture
Maharashtra,Thane,Vashi,MH_VASHI,2026-06-27,27.8,25.6,demo_fixture
Maharashtra,Nagpur,Nagpur,MH_NAGPUR,2026-06-27,11.1,26.5,demo_fixture
Maharashtra,Kolhapur,Kolhapur,MH_KOLHAPUR,2026-06-27,16.1,25.6,demo_fixture
Maharashtra,Ahmednagar,Ahmednagar,MH_AHMEDNAGAR,2026-06-27,0.0,26.8,demo_fixture
Maharashtra,Pune,Pune,MH_PUNE,2026-06-28,32.3,29.3,demo_fixture
Maharashtra,Nashik,Nashik,MH_NASHIK,2026-06-28,0.0,31.5,demo_fixture
Maharashtra,Nashik,Lasalgaon,MH_LASALGAON,2026-06-28,39.1,25.8,demo_fixture
Maharashtra,Thane,Vashi,MH_VASHI,2026-06-28,41.6,32.0,demo_fixture
Maharashtra,Nagpur,Nagpur,MH_NAGPUR,2026-06-28,0.0,29.8,demo_fixture
Maharashtra,Kolhapur,Kolhapur,MH_KOLHAPUR,2026-06-28,0.0,28.6,demo_fixture
Maharashtra,Ahmednagar,Ahmednagar,MH_AHMEDNAGAR,2026-06-28,2.9,27.9,demo_fixture
Maharashtra,Pune,Pune,MH_PUNE,2026-06-29,0.0,30.1,demo_fixture
Maharashtra,Nashik,Nashik,MH_NASHIK,2026-06-29,0.0,32.4,demo_fixture
Maharashtra,Nashik,Lasalgaon,MH_LASALGAON,2026-06-29,38.3,27.3,demo_fixture
Maharashtra,Thane,Vashi,MH_VASHI,2026-06-29,0.0,29.4,demo_fixture
Maharashtra,Nagpur,Nagpur,MH_NAGPUR,2026-06-29,15.3,28.0,demo_fixture
Maharashtra,Kolhapur,Kolhapur,MH_KOLHAPUR,2026-06-29,9.2,29.3,demo_fixture
Maharashtra,Ahmednagar,Ahmednagar,MH_AHMEDNAGAR,2026-06-29,23.9,32.3,demo_fixture
Maharashtra,Pune,Pune,MH_PUNE,2026-06-30,33.3,31.6,demo_fixture
Maharashtra,Nashik,Nashik,MH_NASHIK,2026-06-30,0.0,27.3,demo_fixture
Maharashtra,Nashik,Lasalgaon,MH_LASALGAON,2026-06-30,10.5,30.0,demo_fixture
Maharashtra,Thane,Vashi,MH_VASHI,2026-06-30,0.0,30.4,demo_fixture
Maharashtra,Nagpur,Nagpur,MH_NAGPUR,2026-06-30,35.2,29.2,demo_fixture
Maharashtra,Kolhapur,Kolhapur,MH_KOLHAPUR,2026-06-30,0.0,31.2,demo_fixture
Maharashtra,Ahmednagar,Ahmednagar,MH_AHMEDNAGAR,2026-06-30,41.7,29.7,demo_fixture
Maharashtra,Pune,Pune,MH_PUNE,2026-07-01,0.0,30.2,demo_fixture
Maharashtra,Nashik,Nashik,MH_NASHIK,2026-07-01,0.0,30.2,demo_fixture
Maharashtra,Nashik,Lasalgaon,MH_LASALGAON,2026-07-01,4.9,28.8,demo_fixture
Maharashtra,Thane,Vashi,MH_VASHI,2026-07-01,13.8,25.9,demo_fixture
Maharashtra,Nagpur,Nagpur,MH_NAGPUR,2026-07-01,15.3,28.9,demo_fixture
Maharashtra,Kolhapur,Kolhapur,MH_KOLHAPUR,2026-07-01,37.8,26.1,demo_fixture
Maharashtra,Ahmednagar,Ahmednagar,MH_AHMEDNAGAR,2026-07-01,0.0,31.9,demo_fixture
Maharashtra,Pune,Pune,MH_PUNE,2026-07-02,0.0,29.3,demo_fixture
Maharashtra,Nashik,Nashik,MH_NASHIK,2026-07-02,25.8,31.4,demo_fixture
Maharashtra,Nashik,Lasalgaon,MH_LASALGAON,2026-07-02,0.0,28.9,demo_fixture
Maharashtra,Thane,Vashi,MH_VASHI,2026-07-02,0.0,30.4,demo_fixture
Maharashtra,Nagpur,Nagpur,MH_NAGPUR,2026-07-02,22.5,26.6,demo_fixture
Maharashtra,Kolhapur,Kolhapur,MH_KOLHAPUR,2026-07-02,6.5,32.2,demo_fixture
Maharashtra,Ahmednagar,Ahmednagar,MH_AHMEDNAGAR,2026-07-02,32.7,29.3,demo_fixture
Maharashtra,Pune,Pune,MH_PUNE,2026-07-03,12.7,28.8,demo_fixture
Maharashtra,Nashik,Nashik,MH_NASHIK,2026-07-03,24.5,26.7,demo_fixture
Maharashtra,Nashik,Lasalgaon,MH_LASALGAON,2026-07-03,14.2,28.6,demo_fixture
Maharashtra,Thane,Vashi,MH_VASHI,2026-07-03,27.7,31.4,demo_fixture
Maharashtra,Nagpur,Nagpur,MH_NAGPUR,2026-07-03,0.0,26.0,demo_fixture
Maharashtra,Kolhapur,Kolhapur,MH_KOLHAPUR,2026-07-03,31.2,27.6,demo_fixture
Maharashtra,Ahmednagar,Ahmednagar,MH_AHMEDNAGAR,2026-07-03,0.0,30.4,demo_fixture
Maharashtra,Pune,Pune,MH_PUNE,2026-07-04,0.0,32.0,demo_fixture
Maharashtra,Nashik,Nashik,MH_NASHIK,2026-07-04,27.1,26.6,demo_fixture
Maharashtra,Nashik,Lasalgaon,MH_LASALGAON,2026-07-04,43.6,30.7,demo_fixture
Maharashtra,Thane,Vashi,MH_VASHI,2026-07-04,27.6,32.5,demo_fixture
Maharashtra,Nagpur,Nagpur,MH_NAGPUR,2026-07-04,18.2,31.4,demo_fixture
Maharashtra,Kolhapur,Kolhapur,MH_KOLHAPUR,2026-07-04,0.0,30.5,demo_fixture
Maharashtra,Ahmednagar,Ahmednagar,MH_AHMEDNAGAR,2026-07-04,0.0,31.0,demo_fixture
Maharashtra,Pune,Pune,MH_PUNE,2026-07-05,0.0,29.4,demo_fixture
Maharashtra,Nashik,Nashik,MH_NASHIK,2026-07-05,0.0,28.7,demo_fixture
Maharashtra,Nashik,Lasalgaon,MH_LASALGAON,2026-07-05,17.6,26.9,demo_fixture
Maharashtra,Thane,Vashi,MH_VASHI,2026-07-05,42.7,29.1,demo_fixture
Maharashtra,Nagpur,Nagpur,MH_NAGPUR,2026-07-05,7.9,26.1,demo_fixture
Maharashtra,Kolhapur,Kolhapur,MH_KOLHAPUR,2026-07-05,0.0,26.3,demo_fixture
Maharashtra,Ahmednagar,Ahmednagar,MH_AHMEDNAGAR,2026-07-05,0.0,31.8,demo_fixture
Maharashtra,Pune,Pune,MH_PUNE,2026-07-06,0.0,25.8,demo_fixture
Maharashtra,Nashik,Nashik,MH_NASHIK,2026-07-06,35.0,26.5,demo_fixture
Maharashtra,Nashik,Lasalgaon,MH_LASALGAON,2026-07-06,9.0,31.7,demo_fixture
Maharashtra,Thane,Vashi,MH_VASHI,2026-07-06,0.0,31.6,demo_fixture
Maharashtra,Nagpur,Nagpur,MH_NAGPUR,2026-07-06,20.8,28.6,demo_fixture
Maharashtra,Kolhapur,Kolhapur,MH_KOLHAPUR,2026-07-06,0.0,27.3,demo_fixture
Maharashtra,Ahmednagar,Ahmednagar,MH_AHMEDNAGAR,2026-07-06,14.3,31.1,demo_fixture
Maharashtra,Pune,Pune,MH_PUNE,2026-07-07,25.0,27.8,demo_fixture
Maharashtra,Nashik,Nashik,MH_NASHIK,2026-07-07,0.0,29.0,demo_fixture
Maharashtra,Nashik,Lasalgaon,MH_LASALGAON,2026-07-07,0.0,28.3,demo_fixture
Maharashtra,Thane,Vashi,MH_VASHI,2026-07-07,0.0,32.9,demo_fixture
Maharashtra,Nagpur,Nagpur,MH_NAGPUR,2026-07-07,14.1,28.4,demo_fixture
Maharashtra,Kolhapur,Kolhapur,MH_KOLHAPUR,2026-07-07,43.5,31.6,demo_fixture
Maharashtra,Ahmednagar,Ahmednagar,MH_AHMEDNAGAR,2026-07-07,0.0,26.5,demo_fixture
Maharashtra,Pune,Pune,MH_PUNE,2026-07-08,29.6,32.1,demo_fixture
Maharashtra,Nashik,Nashik,MH_NASHIK,2026-07-08,0.0,26.3,demo_fixture
Maharashtra,Nashik,Lasalgaon,MH_LASALGAON,2026-07-08,0.0,31.9,demo_fixture
Maharashtra,Thane,Vashi,MH_VASHI,2026-07-08,34.8,27.5,demo_fixture
Maharashtra,Nagpur,Nagpur,MH_NAGPUR,2026-07-08,0.0,26.6,demo_fixture
Maharashtra,Kolhapur,Kolhapur,MH_KOLHAPUR,2026-07-08,42.7,27.2,demo_fixture
Maharashtra,Ahmednagar,Ahmednagar,MH_AHMEDNAGAR,2026-07-08,17.0,25.7,demo_fixture
Maharashtra,Pune,Pune,MH_PUNE,2026-07-09,23.6,27.3,demo_fixture
Maharashtra,Nashik,Nashik,MH_NASHIK,2026-07-09,0.0,28.3,demo_fixture
Maharashtra,Nashik,Lasalgaon,MH_LASALGAON,2026-07-09,42.0,31.8,demo_fixture
Maharashtra,Thane,Vashi,MH_VASHI,2026-07-09,0.0,31.4,demo_fixture
Maharashtra,Nagpur,Nagpur,MH_NAGPUR,2026-07-09,14.3,31.7,demo_fixture
Maharashtra,Kolhapur,Kolhapur,MH_KOLHAPUR,2026-07-09,0.0,26.5,demo_fixture
Maharashtra,Ahmednagar,Ahmednagar,MH_AHMEDNAGAR,2026-07-09,0.0,28.9,demo_fixture
Maharashtra,Pune,Pune,MH_PUNE,2026-07-10,5.4,27.4,demo_fixture
Maharashtra,Nashik,Nashik,MH_NASHIK,2026-07-10,0.0,29.6,demo_fixture
Maharashtra,Nashik,Lasalgaon,MH_LASALGAON,2026-07-10,0.0,29.5,demo_fixture
Maharashtra,Thane,Vashi,MH_VASHI,2026-07-10,14.4,27.8,demo_fixture
Maharashtra,Nagpur,Nagpur,MH_NAGPUR,2026-07-10,20.1,31.5,demo_fixture
Maharashtra,Kolhapur,Kolhapur,MH_KOLHAPUR,2026-07-10,6.8,32.3,demo_fixture
Maharashtra,Ahmednagar,Ahmednagar,MH_AHMEDNAGAR,2026-07-10,0.0,25.6,demo_fixture
Maharashtra,Pune,Pune,MH_PUNE,2026-07-11,12.4,26.6,demo_fixture
Maharashtra,Nashik,Nashik,MH_NASHIK,2026-07-11,28.4,27.3,demo_fixture
Maharashtra,Nashik,Lasalgaon,MH_LASALGAON,2026-07-11,30.6,26.1,demo_fixture
Maharashtra,Thane,Vashi,MH_VASHI,2026-07-11,0.0,26.0,demo_fixture
Maharashtra,Nagpur,Nagpur,MH_NAGPUR,2026-07-11,23.8,32.9,demo_fixture
Maharashtra,Kolhapur,Kolhapur,MH_KOLHAPUR,2026-07-11,0.0,28.4,demo_fixture
Maharashtra,Ahmednagar,Ahmednagar,MH_AHMEDNAGAR,2026-07-11,29.3,32.9,demo_fixture
Maharashtra,Pune,Pune,MH_PUNE,2026-07-12,2.7,31.4,demo_fixture
Maharashtra,Nashik,Nashik,MH_NASHIK,2026-07-12,33.5,30.2,demo_fixture
Maharashtra,Nashik,Lasalgaon,MH_LASALGAON,2026-07-12,0.0,31.0,demo_fixture
Maharashtra,Thane,Vashi,MH_VASHI,2026-07-12,3.9,29.6,demo_fixture
Maharashtra,Nagpur,Nagpur,MH_NAGPUR,2026-07-12,0.0,26.8,demo_fixture
Maharashtra,Kolhapur,Kolhapur,MH_KOLHAPUR,2026-07-12,0.0,29.0,demo_fixture
Maharashtra,Ahmednagar,Ahmednagar,MH_AHMEDNAGAR,2026-07-12,0.0,30.2,demo_fixture
Maharashtra,Pune,Pune,MH_PUNE,2026-07-13,0.0,26.0,demo_fixture
Maharashtra,Nashik,Nashik,MH_NASHIK,2026-07-13,0.0,28.9,demo_fixture
Maharashtra,Nashik,Lasalgaon,MH_LASALGAON,2026-07-13,3.9,27.0,demo_fixture
Maharashtra,Thane,Vashi,MH_VASHI,2026-07-13,42.1,29.4,demo_fixture
Maharashtra,Nagpur,Nagpur,MH_NAGPUR,2026-07-13,0.0,29.6,demo_fixture
Maharashtra,Kolhapur,Kolhapur,MH_KOLHAPUR,2026-07-13,34.4,26.9,demo_fixture
Maharashtra,Ahmednagar,Ahmednagar,MH_AHMEDNAGAR,2026-07-13,35.6,32.0,demo_fixture
Maharashtra,Pune,Pune,MH_PUNE,2026-07-14,7.4,28.3,demo_fixture
Maharashtra,Nashik,Nashik,MH_NASHIK,2026-07-14,0.0,31.1,demo_fixture
Maharashtra,Nashik,Lasalgaon,MH_LASALGAON,2026-07-14,0.0,28.4,demo_fixture
Maharashtra,Thane,Vashi,MH_VASHI,2026-07-14,0.0,29.2,demo_fixture
Maharashtra,Nagpur,Nagpur,MH_NAGPUR,2026-07-14,41.7,29.4,demo_fixture
Maharashtra,Kolhapur,Kolhapur,MH_KOLHAPUR,2026-07-14,0.0,31.0,demo_fixture
Maharashtra,Ahmednagar,Ahmednagar,MH_AHMEDNAGAR,2026-07-14,27.9,31.7,demo_fixture
Maharashtra,Pune,Pune,MH_PUNE,2026-07-15,15.8,26.1,demo_fixture
Maharashtra,Nashik,Nashik,MH_NASHIK,2026-07-15,0.0,27.8,demo_fixture
Maharashtra,Nashik,Lasalgaon,MH_LASALGAON,2026-07-15,0.0,28.7,demo_fixture
Maharashtra,Thane,Vashi,MH_VASHI,2026-07-15,0.0,28.1,demo_fixture
Maharashtra,Nagpur,Nagpur,MH_NAGPUR,2026-07-15,39.4,28.1,demo_fixture
Maharashtra,Kolhapur,Kolhapur,MH_KOLHAPUR,2026-07-15,0.0,27.6,demo_fixture
Maharashtra,Ahmednagar,Ahmednagar,MH_AHMEDNAGAR,2026-07-15,0.0,32.6,demo_fixture
Maharashtra,Pune,Pune,MH_PUNE,2026-07-16,29.4,28.2,demo_fixture
Maharashtra,Nashik,Nashik,MH_NASHIK,2026-07-16,0.0,30.6,demo_fixture
Maharashtra,Nashik,Lasalgaon,MH_LASALGAON,2026-07-16,0.0,26.6,demo_fixture
Maharashtra,Thane,Vashi,MH_VASHI,2026-07-16,0.0,31.4,demo_fixture
Maharashtra,Nagpur,Nagpur,MH_NAGPUR,2026-07-16,4.9,31.3,demo_fixture
Maharashtra,Kolhapur,Kolhapur,MH_KOLHAPUR,2026-07-16,18.5,29.8,demo_fixture
Maharashtra,Ahmednagar,Ahmednagar,MH_AHMEDNAGAR,2026-07-16,0.0,30.6,demo_fixture
Maharashtra,Pune,Pune,MH_PUNE,2026-07-17,0.0,28.3,demo_fixture
Maharashtra,Nashik,Nashik,MH_NASHIK,2026-07-17,0.0,29.8,demo_fixture
Maharashtra,Nashik,Lasalgaon,MH_LASALGAON,2026-07-17,19.1,30.4,demo_fixture
Maharashtra,Thane,Vashi,MH_VASHI,2026-07-17,6.9,31.0,demo_fixture
Maharashtra,Nagpur,Nagpur,MH_NAGPUR,2026-07-17,18.6,29.7,demo_fixture
Maharashtra,Kolhapur,Kolhapur,MH_KOLHAPUR,2026-07-17,13.2,28.8,demo_fixture
Maharashtra,Ahmednagar,Ahmednagar,MH_AHMEDNAGAR,2026-07-17,0.0,27.6,demo_fixture
Maharashtra,Pune,Pune,MH_PUNE,2026-07-18,0.0,29.2,demo_fixture
Maharashtra,Nashik,Nashik,MH_NASHIK,2026-07-18,38.7,28.9,demo_fixture
Maharashtra,Nashik,Lasalgaon,MH_LASALGAON,2026-07-18,0.0,28.8,demo_fixture
Maharashtra,Thane,Vashi,MH_VASHI,2026-07-18,31.3,31.8,demo_fixture
Maharashtra,Nagpur,Nagpur,MH_NAGPUR,2026-07-18,16.9,26.0,demo_fixture
Maharashtra,Kolhapur,Kolhapur,MH_KOLHAPUR,2026-07-18,40.3,31.9,demo_fixture
Maharashtra,Ahmednagar,Ahmednagar,MH_AHMEDNAGAR,2026-07-18,0.0,32.5,demo_fixture
Maharashtra,Pune,Pune,MH_PUNE,2026-07-19,0.0,31.5,demo_fixture
Maharashtra,Nashik,Nashik,MH_NASHIK,2026-07-19,7.2,27.0,demo_fixture
Maharashtra,Nashik,Lasalgaon,MH_LASALGAON,2026-07-19,36.0,25.7,demo_fixture
Maharashtra,Thane,Vashi,MH_VASHI,2026-07-19,0.0,28.3,demo_fixture
Maharashtra,Nagpur,Nagpur,MH_NAGPUR,2026-07-19,0.0,29.6,demo_fixture
Maharashtra,Kolhapur,Kolhapur,MH_KOLHAPUR,2026-07-19,0.0,26.1,demo_fixture
Maharashtra,Ahmednagar,Ahmednagar,MH_AHMEDNAGAR,2026-07-19,45.0,30.9,demo_fixture
Maharashtra,Pune,Pune,MH_PUNE,2026-07-20,35.1,31.7,demo_fixture
Maharashtra,Nashik,Nashik,MH_NASHIK,2026-07-20,43.8,30.3,demo_fixture
Maharashtra,Nashik,Lasalgaon,MH_LASALGAON,2026-07-20,31.2,28.1,demo_fixture
Maharashtra,Thane,Vashi,MH_VASHI,2026-07-20,0.0,31.4,demo_fixture
Maharashtra,Nagpur,Nagpur,MH_NAGPUR,2026-07-20,0.0,26.9,demo_fixture
Maharashtra,Kolhapur,Kolhapur,MH_KOLHAPUR,2026-07-20,0.0,28.7,demo_fixture
Maharashtra,Ahmednagar,Ahmednagar,MH_AHMEDNAGAR,2026-07-20,0.0,25.9,demo_fixture
Maharashtra,Pune,Pune,MH_PUNE,2026-07-21,8.6,26.7,demo_fixture
Maharashtra,Nashik,Nashik,MH_NASHIK,2026-07-21,32.5,28.1,demo_fixture
Maharashtra,Nashik,Lasalgaon,MH_LASALGAON,2026-07-21,0.0,32.2,demo_fixture
Maharashtra,Thane,Vashi,MH_VASHI,2026-07-21,0.0,27.4,demo_fixture
Maharashtra,Nagpur,Nagpur,MH_NAGPUR,2026-07-21,0.0,29.6,demo_fixture
Maharashtra,Kolhapur,Kolhapur,MH_KOLHAPUR,2026-07-21,15.0,29.5,demo_fixture
Maharashtra,Ahmednagar,Ahmednagar,MH_AHMEDNAGAR,2026-07-21,9.3,32.6,demo_fixture
Maharashtra,Pune,Pune,MH_PUNE,2026-07-22,30.3,30.9,demo_fixture
Maharashtra,Nashik,Nashik,MH_NASHIK,2026-07-22,0.0,31.8,demo_fixture
Maharashtra,Nashik,Lasalgaon,MH_LASALGAON,2026-07-22,0.0,31.7,demo_fixture
Maharashtra,Thane,Vashi,MH_VASHI,2026-07-22,4.0,30.3,demo_fixture
Maharashtra,Nagpur,Nagpur,MH_NAGPUR,2026-07-22,0.0,30.4,demo_fixture
Maharashtra,Kolhapur,Kolhapur,MH_KOLHAPUR,2026-07-22,0.0,28.6,demo_fixture
Maharashtra,Ahmednagar,Ahmednagar,MH_AHMEDNAGAR,2026-07-22,0.0,29.2,demo_fixture
Maharashtra,Pune,Pune,MH_PUNE,2026-07-23,0.0,27.7,demo_fixture
Maharashtra,Nashik,Nashik,MH_NASHIK,2026-07-23,0.0,29.1,demo_fixture
Maharashtra,Nashik,Lasalgaon,MH_LASALGAON,2026-07-23,0.0,30.6,demo_fixture
Maharashtra,Thane,Vashi,MH_VASHI,2026-07-23,5.1,25.9,demo_fixture
Maharashtra,Nagpur,Nagpur,MH_NAGPUR,2026-07-23,22.8,27.0,demo_fixture
Maharashtra,Kolhapur,Kolhapur,MH_KOLHAPUR,2026-07-23,0.0,27.8,demo_fixture
Maharashtra,Ahmednagar,Ahmednagar,MH_AHMEDNAGAR,2026-07-23,0.0,31.0,demo_fixture
Maharashtra,Pune,Pune,MH_PUNE,2026-07-24,0.0,32.8,demo_fixture
Maharashtra,Nashik,Nashik,MH_NASHIK,2026-07-24,17.9,29.7,demo_fixture
Maharashtra,Nashik,Lasalgaon,MH_LASALGAON,2026-07-24,22.1,27.5,demo_fixture
Maharashtra,Thane,Vashi,MH_VASHI,2026-07-24,6.2,27.7,demo_fixture
Maharashtra,Nagpur,Nagpur,MH_NAGPUR,2026-07-24,28.5,27.4,demo_fixture
Maharashtra,Kolhapur,Kolhapur,MH_KOLHAPUR,2026-07-24,0.0,26.7,demo_fixture
Maharashtra,Ahmednagar,Ahmednagar,MH_AHMEDNAGAR,2026-07-24,26.8,27.8,demo_fixture
Maharashtra,Pune,Pune,MH_PUNE,2026-07-25,0.0,29.2,demo_fixture
Maharashtra,Nashik,Nashik,MH_NASHIK,2026-07-25,23.4,27.8,demo_fixture
Maharashtra,Nashik,Lasalgaon,MH_LASALGAON,2026-07-25,42.6,29.3,demo_fixture
Maharashtra,Thane,Vashi,MH_VASHI,2026-07-25,0.0,27.1,demo_fixture
Maharashtra,Nagpur,Nagpur,MH_NAGPUR,2026-07-25,4.2,29.2,demo_fixture
Maharashtra,Kolhapur,Kolhapur,MH_KOLHAPUR,2026-07-25,0.0,30.4,demo_fixture
Maharashtra,Ahmednagar,Ahmednagar,MH_AHMEDNAGAR,2026-07-25,25.1,31.9,demo_fixture
Maharashtra,Pune,Pune,MH_PUNE,2026-07-26,39.9,31.0,demo_fixture
Maharashtra,Nashik,Nashik,MH_NASHIK,2026-07-26,0.0,28.2,demo_fixture
Maharashtra,Nashik,Lasalgaon,MH_LASALGAON,2026-07-26,26.5,27.0,demo_fixture
Maharashtra,Thane,Vashi,MH_VASHI,2026-07-26,0.0,26.1,demo_fixture
Maharashtra,Nagpur,Nagpur,MH_NAGPUR,2026-07-26,34.9,27.6,demo_fixture
Maharashtra,Kolhapur,Kolhapur,MH_KOLHAPUR,2026-07-26,0.0,30.6,demo_fixture
Maharashtra,Ahmednagar,Ahmednagar,MH_AHMEDNAGAR,2026-07-26,43.9,28.5,demo_fixture
Maharashtra,Pune,Pune,MH_PUNE,2026-07-27,0.0,28.0,demo_fixture
Maharashtra,Nashik,Nashik,MH_NASHIK,2026-07-27,0.0,31.2,demo_fixture
Maharashtra,Nashik,Lasalgaon,MH_LASALGAON,2026-07-27,23.9,29.3,demo_fixture
Maharashtra,Thane,Vashi,MH_VASHI,2026-07-27,7.9,28.0,demo_fixture
Maharashtra,Nagpur,Nagpur,MH_NAGPUR,2026-07-27,21.7,30.0,demo_fixture
Maharashtra,Kolhapur,Kolhapur,MH_KOLHAPUR,2026-07-27,16.1,30.1,demo_fixture
Maharashtra,Ahmednagar,Ahmednagar,MH_AHMEDNAGAR,2026-07-27,44.6,31.0,demo_fixture
Maharashtra,Pune,Pune,MH_PUNE,2026-07-28,16.5,31.7,demo_fixture
Maharashtra,Nashik,Nashik,MH_NASHIK,2026-07-28,32.5,27.7,demo_fixture
Maharashtra,Nashik,Lasalgaon,MH_LASALGAON,2026-07-28,0.0,28.3,demo_fixture
Maharashtra,Thane,Vashi,MH_VASHI,2026-07-28,0.0,32.8,demo_fixture
Maharashtra,Nagpur,Nagpur,MH_NAGPUR,2026-07-28,0.0,31.5,demo_fixture
Maharashtra,Kolhapur,Kolhapur,MH_KOLHAPUR,2026-07-28,0.0,30.7,demo_fixture
Maharashtra,Ahmednagar,Ahmednagar,MH_AHMEDNAGAR,2026-07-28,22.4,32.8,demo_fixture
Maharashtra,Pune,Pune,MH_PUNE,2026-07-29,0.0,31.3,demo_fixture
Maharashtra,Nashik,Nashik,MH_NASHIK,2026-07-29,0.0,30.9,demo_fixture
Maharashtra,Nashik,Lasalgaon,MH_LASALGAON,2026-07-29,0.0,26.8,demo_fixture
Maharashtra,Thane,Vashi,MH_VASHI,2026-07-29,0.0,30.1,demo_fixture
Maharashtra,Nagpur,Nagpur,MH_NAGPUR,2026-07-29,0.0,26.6,demo_fixture
Maharashtra,Kolhapur,Kolhapur,MH_KOLHAPUR,2026-07-29,0.0,25.7,demo_fixture
Maharashtra,Ahmednagar,Ahmednagar,MH_AHMEDNAGAR,2026-07-29,0.0,26.3,demo_fixture
Maharashtra,Pune,Pune,MH_PUNE,2026-07-30,15.5,26.6,demo_fixture
Maharashtra,Nashik,Nashik,MH_NASHIK,2026-07-30,0.0,28.6,demo_fixture
Maharashtra,Nashik,Lasalgaon,MH_LASALGAON,2026-07-30,0.0,32.4,demo_fixture
Maharashtra,Thane,Vashi,MH_VASHI,2026-07-30,0.0,31.0,demo_fixture
Maharashtra,Nagpur,Nagpur,MH_NAGPUR,2026-07-30,7.9,27.1,demo_fixture
Maharashtra,Kolhapur,Kolhapur,MH_KOLHAPUR,2026-07-30,30.5,29.4,demo_fixture
Maharashtra,Ahmednagar,Ahmednagar,MH_AHMEDNAGAR,2026-07-30,9.4,32.3,demo_fixture
Maharashtra,Pune,Pune,MH_PUNE,2026-07-31,17.2,31.3,demo_fixture
Maharashtra,Nashik,Nashik,MH_NASHIK,2026-07-31,0.0,30.3,demo_fixture
Maharashtra,Nashik,Lasalgaon,MH_LASALGAON,2026-07-31,0.0,30.1,demo_fixture
Maharashtra,Thane,Vashi,MH_VASHI,2026-07-31,12.6,29.7,demo_fixture
Maharashtra,Nagpur,Nagpur,MH_NAGPUR,2026-07-31,43.8,27.7,demo_fixture
Maharashtra,Kolhapur,Kolhapur,MH_KOLHAPUR,2026-07-31,10.9,30.8,demo_fixture
Maharashtra,Ahmednagar,Ahmednagar,MH_AHMEDNAGAR,2026-07-31,17.0,32.5,demo_fixture
Maharashtra,Pune,Pune,MH_PUNE,2026-08-01,0.0,27.6,demo_fixture
Maharashtra,Nashik,Nashik,MH_NASHIK,2026-08-01,31.1,28.3,demo_fixture
Maharashtra,Nashik,Lasalgaon,MH_LASALGAON,2026-08-01,0.0,31.6,demo_fixture
Maharashtra,Thane,Vashi,MH_VASHI,2026-08-01,0.0,31.5,demo_fixture
Maharashtra,Nagpur,Nagpur,MH_NAGPUR,2026-08-01,14.4,30.9,demo_fixture
Maharashtra,Kolhapur,Kolhapur,MH_KOLHAPUR,2026-08-01,21.0,27.4,demo_fixture
Maharashtra,Ahmednagar,Ahmednagar,MH_AHMEDNAGAR,2026-08-01,10.7,29.5,demo_fixture
Maharashtra,Pune,Pune,MH_PUNE,2026-08-02,0.0,30.7,demo_fixture
Maharashtra,Nashik,Nashik,MH_NASHIK,2026-08-02,28.5,29.9,demo_fixture
Maharashtra,Nashik,Lasalgaon,MH_LASALGAON,2026-08-02,30.8,29.5,demo_fixture
Maharashtra,Thane,Vashi,MH_VASHI,2026-08-02,0.0,25.9,demo_fixture
Maharashtra,Nagpur,Nagpur,MH_NAGPUR,2026-08-02,32.8,26.3,demo_fixture
Maharashtra,Kolhapur,Kolhapur,MH_KOLHAPUR,2026-08-02,0.0,25.5,demo_fixture
Maharashtra,Ahmednagar,Ahmednagar,MH_AHMEDNAGAR,2026-08-02,0.0,32.5,demo_fixture
Maharashtra,Pune,Pune,MH_PUNE,2026-08-03,42.2,32.1,demo_fixture
Maharashtra,Nashik,Nashik,MH_NASHIK,2026-08-03,10.6,32.7,demo_fixture
Maharashtra,Nashik,Lasalgaon,MH_LASALGAON,2026-08-03,29.8,32.3,demo_fixture
Maharashtra,Thane,Vashi,MH_VASHI,2026-08-03,26.7,29.5,demo_fixture
Maharashtra,Nagpur,Nagpur,MH_NAGPUR,2026-08-03,0.0,32.5,demo_fixture
Maharashtra,Kolhapur,Kolhapur,MH_KOLHAPUR,2026-08-03,0.0,26.8,demo_fixture
Maharashtra,Ahmednagar,Ahmednagar,MH_AHMEDNAGAR,2026-08-03,0.0,26.8,demo_fixture
Maharashtra,Pune,Pune,MH_PUNE,2026-08-04,0.0,33.0,demo_fixture
Maharashtra,Nashik,Nashik,MH_NASHIK,2026-08-04,23.3,32.5,demo_fixture
Maharashtra,Nashik,Lasalgaon,MH_LASALGAON,2026-08-04,0.0,32.4,demo_fixture
Maharashtra,Thane,Vashi,MH_VASHI,2026-08-04,0.0,25.6,demo_fixture
Maharashtra,Nagpur,Nagpur,MH_NAGPUR,2026-08-04,0.0,26.3,demo_fixture
Maharashtra,Kolhapur,Kolhapur,MH_KOLHAPUR,2026-08-04,0.0,27.6,demo_fixture
Maharashtra,Ahmednagar,Ahmednagar,MH_AHMEDNAGAR,2026-08-04,0.0,29.6,demo_fixture
Maharashtra,Pune,Pune,MH_PUNE,2026-08-05,42.4,31.9,demo_fixture
Maharashtra,Nashik,Nashik,MH_NASHIK,2026-08-05,10.3,26.3,demo_fixture
Maharashtra,Nashik,Lasalgaon,MH_LASALGAON,2026-08-05,21.7,27.4,demo_fixture
Maharashtra,Thane,Vashi,MH_VASHI,2026-08-05,33.7,31.4,demo_fixture
Maharashtra,Nagpur,Nagpur,MH_NAGPUR,2026-08-05,0.0,31.2,demo_fixture
Maharashtra,Kolhapur,Kolhapur,MH_KOLHAPUR,2026-08-05,38.8,32.2,demo_fixture
Maharashtra,Ahmednagar,Ahmednagar,MH_AHMEDNAGAR,2026-08-05,0.0,29.4,demo_fixture
Maharashtra,Pune,Pune,MH_PUNE,2026-08-06,30.8,26.9,demo_fixture
Maharashtra,Nashik,Nashik,MH_NASHIK,2026-08-06,15.9,27.4,demo_fixture
Maharashtra,Nashik,Lasalgaon,MH_LASALGAON,2026-08-06,12.1,31.2,demo_fixture
Maharashtra,Thane,Vashi,MH_VASHI,2026-08-06,0.0,27.8,demo_fixture
Maharashtra,Nagpur,Nagpur,MH_NAGPUR,2026-08-06,0.0,25.6,demo_fixture
Maharashtra,Kolhapur,Kolhapur,MH_KOLHAPUR,2026-08-06,0.0,30.7,demo_fixture
Maharashtra,Ahmednagar,Ahmednagar,MH_AHMEDNAGAR,2026-08-06,7.1,27.8,demo_fixture
Maharashtra,Pune,Pune,MH_PUNE,2026-08-07,23.6,32.2,demo_fixture
Maharashtra,Nashik,Nashik,MH_NASHIK,2026-08-07,0.0,27.8,demo_fixture
Maharashtra,Nashik,Lasalgaon,MH_LASALGAON,2026-08-07,41.4,27.7,demo_fixture
Maharashtra,Thane,Vashi,MH_VASHI,2026-08-07,0.0,27.1,demo_fixture
Maharashtra,Nagpur,Nagpur,MH_NAGPUR,2026-08-07,8.6,31.1,demo_fixture
Maharashtra,Kolhapur,Kolhapur,MH_KOLHAPUR,2026-08-07,0.0,28.6,demo_fixture
Maharashtra,Ahmednagar,Ahmednagar,MH_AHMEDNAGAR,2026-08-07,22.2,29.5,demo_fixture
Maharashtra,Pune,Pune,MH_PUNE,2026-08-08,0.0,27.1,demo_fixture
Maharashtra,Nashik,Nashik,MH_NASHIK,2026-08-08,34.5,32.0,demo_fixture
Maharashtra,Nashik,Lasalgaon,MH_LASALGAON,2026-08-08,21.2,30.8,demo_fixture
Maharashtra,Thane,Vashi,MH_VASHI,2026-08-08,26.3,26.0,demo_fixture
Maharashtra,Nagpur,Nagpur,MH_NAGPUR,2026-08-08,23.7,29.8,demo_fixture
Maharashtra,Kolhapur,Kolhapur,MH_KOLHAPUR,2026-08-08,16.1,29.4,demo_fixture
Maharashtra,Ahmednagar,Ahmednagar,MH_AHMEDNAGAR,2026-08-08,10.8,29.9,demo_fixture
Maharashtra,Pune,Pune,MH_PUNE,2026-08-09,23.9,31.6,demo_fixture
Maharashtra,Nashik,Nashik,MH_NASHIK,2026-08-09,24.1,28.9,demo_fixture
Maharashtra,Nashik,Lasalgaon,MH_LASALGAON,2026-08-09,21.9,31.6,demo_fixture
Maharashtra,Thane,Vashi,MH_VASHI,2026-08-09,0.0,28.5,demo_fixture
Maharashtra,Nagpur,Nagpur,MH_NAGPUR,2026-08-09,0.0,31.1,demo_fixture
Maharashtra,Kolhapur,Kolhapur,MH_KOLHAPUR,2026-08-09,0.0,25.8,demo_fixture
Maharashtra,Ahmednagar,Ahmednagar,MH_AHMEDNAGAR,2026-08-09,4.7,33.0,demo_fixture
Maharashtra,Pune,Pune,MH_PUNE,2026-08-10,0.0,26.0,demo_fixture
Maharashtra,Nashik,Nashik,MH_NASHIK,2026-08-10,0.0,25.7,demo_fixture
Maharashtra,Nashik,Lasalgaon,MH_LASALGAON,2026-08-10,35.1,31.2,demo_fixture
Maharashtra,Thane,Vashi,MH_VASHI,2026-08-10,0.0,30.3,demo_fixture
Maharashtra,Nagpur,Nagpur,MH_NAGPUR,2026-08-10,44.7,28.4,demo_fixture
Maharashtra,Kolhapur,Kolhapur,MH_KOLHAPUR,2026-08-10,0.0,32.3,demo_fixture
Maharashtra,Ahmednagar,Ahmednagar,MH_AHMEDNAGAR,2026-08-10,31.4,30.5,demo_fixture
Maharashtra,Pune,Pune,MH_PUNE,2026-08-11,30.1,28.1,demo_fixture
Maharashtra,Nashik,Nashik,MH_NASHIK,2026-08-11,25.1,29.5,demo_fixture
Maharashtra,Nashik,Lasalgaon,MH_LASALGAON,2026-08-11,0.0,27.2,demo_fixture
Maharashtra,Thane,Vashi,MH_VASHI,2026-08-11,3.0,27.7,demo_fixture
Maharashtra,Nagpur,Nagpur,MH_NAGPUR,2026-08-11,0.0,29.6,demo_fixture
Maharashtra,Kolhapur,Kolhapur,MH_KOLHAPUR,2026-08-11,37.4,27.4,demo_fixture
Maharashtra,Ahmednagar,Ahmednagar,MH_AHMEDNAGAR,2026-08-11,13.9,32.5,demo_fixture
Maharashtra,Pune,Pune,MH_PUNE,2026-08-12,0.0,26.3,demo_fixture
Maharashtra,Nashik,Nashik,MH_NASHIK,2026-08-12,0.0,28.6,demo_fixture
Maharashtra,Nashik,Lasalgaon,MH_LASALGAON,2026-08-12,0.0,32.1,demo_fixture
Maharashtra,Thane,Vashi,MH_VASHI,2026-08-12,10.9,26.3,demo_fixture
Maharashtra,Nagpur,Nagpur,MH_NAGPUR,2026-08-12,27.7,30.8,demo_fixture
Maharashtra,Kolhapur,Kolhapur,MH_KOLHAPUR,2026-08-12,33.8,28.5,demo_fixture
Maharashtra,Ahmednagar,Ahmednagar,MH_AHMEDNAGAR,2026-08-12,11.3,32.0,demo_fixture
Maharashtra,Pune,Pune,MH_PUNE,2026-08-13,23.7,27.7,demo_fixture
Maharashtra,Nashik,Nashik,MH_NASHIK,2026-08-13,0.0,31.0,demo_fixture
Maharashtra,Nashik,Lasalgaon,MH_LASALGAON,2026-08-13,27.7,30.5,demo_fixture
Maharashtra,Thane,Vashi,MH_VASHI,2026-08-13,15.0,26.6,demo_fixture
Maharashtra,Nagpur,Nagpur,MH_NAGPUR,2026-08-13,0.0,27.2,demo_fixture
Maharashtra,Kolhapur,Kolhapur,MH_KOLHAPUR,2026-08-13,4.6,32.6,demo_fixture
Maharashtra,Ahmednagar,Ahmednagar,MH_AHMEDNAGAR,2026-08-13,0.0,32.3,demo_fixture
Maharashtra,Pune,Pune,MH_PUNE,2026-08-14,0.0,28.7,demo_fixture
Maharashtra,Nashik,Nashik,MH_NASHIK,2026-08-14,43.8,32.6,demo_fixture
Maharashtra,Nashik,Lasalgaon,MH_LASALGAON,2026-08-14,0.0,31.4,demo_fixture
Maharashtra,Thane,Vashi,MH_VASHI,2026-08-14,19.9,26.6,demo_fixture
Maharashtra,Nagpur,Nagpur,MH_NAGPUR,2026-08-14,34.4,29.1,demo_fixture
Maharashtra,Kolhapur,Kolhapur,MH_KOLHAPUR,2026-08-14,0.0,27.8,demo_fixture
Maharashtra,Ahmednagar,Ahmednagar,MH_AHMEDNAGAR,2026-08-14,0.0,31.5,demo_fixture
Maharashtra,Pune,Pune,MH_PUNE,2026-08-15,0.0,29.7,demo_fixture
Maharashtra,Nashik,Nashik,MH_NASHIK,2026-08-15,0.0,29.7,demo_fixture
Maharashtra,Nashik,Lasalgaon,MH_LASALGAON,2026-08-15,12.4,27.0,demo_fixture
Maharashtra,Thane,Vashi,MH_VASHI,2026-08-15,0.0,32.4,demo_fixture
Maharashtra,Nagpur,Nagpur,MH_NAGPUR,2026-08-15,0.0,26.2,demo_fixture
Maharashtra,Kolhapur,Kolhapur,MH_KOLHAPUR,2026-08-15,0.0,26.9,demo_fixture
Maharashtra,Ahmednagar,Ahmednagar,MH_AHMEDNAGAR,2026-08-15,31.0,30.0,demo_fixture
Maharashtra,Pune,Pune,MH_PUNE,2026-08-16,0.0,26.9,demo_fixture
Maharashtra,Nashik,Nashik,MH_NASHIK,2026-08-16,0.0,30.9,demo_fixture
Maharashtra,Nashik,Lasalgaon,MH_LASALGAON,2026-08-16,0.0,29.1,demo_fixture
Maharashtra,Thane,Vashi,MH_VASHI,2026-08-16,0.0,28.0,demo_fixture
Maharashtra,Nagpur,Nagpur,MH_NAGPUR,2026-08-16,0.0,25.6,demo_fixture
Maharashtra,Kolhapur,Kolhapur,MH_KOLHAPUR,2026-08-16,0.0,32.7,demo_fixture
Maharashtra,Ahmednagar,Ahmednagar,MH_AHMEDNAGAR,2026-08-16,45.0,29.1,demo_fixture
Maharashtra,Pune,Pune,MH_PUNE,2026-08-17,28.0,27.0,demo_fixture
Maharashtra,Nashik,Nashik,MH_NASHIK,2026-08-17,0.0,29.6,demo_fixture
Maharashtra,Nashik,Lasalgaon,MH_LASALGAON,2026-08-17,0.0,28.4,demo_fixture
Maharashtra,Thane,Vashi,MH_VASHI,2026-08-17,17.4,27.5,demo_fixture
Maharashtra,Nagpur,Nagpur,MH_NAGPUR,2026-08-17,23.4,26.2,demo_fixture
Maharashtra,Kolhapur,Kolhapur,MH_KOLHAPUR,2026-08-17,0.0,29.0,demo_fixture
Maharashtra,Ahmednagar,Ahmednagar,MH_AHMEDNAGAR,2026-08-17,0.0,32.4,demo_fixture
Maharashtra,Pune,Pune,MH_PUNE,2026-08-18,19.8,29.7,demo_fixture
Maharashtra,Nashik,Nashik,MH_NASHIK,2026-08-18,8.3,27.5,demo_fixture
Maharashtra,Nashik,Lasalgaon,MH_LASALGAON,2026-08-18,0.0,29.8,demo_fixture
Maharashtra,Thane,Vashi,MH_VASHI,2026-08-18,8.6,28.0,demo_fixture
Maharashtra,Nagpur,Nagpur,MH_NAGPUR,2026-08-18,37.8,29.2,demo_fixture
Maharashtra,Kolhapur,Kolhapur,MH_KOLHAPUR,2026-08-18,0.0,30.6,demo_fixture
Maharashtra,Ahmednagar,Ahmednagar,MH_AHMEDNAGAR,2026-08-18,37.3,32.7,demo_fixture
Maharashtra,Pune,Pune,MH_PUNE,2026-08-19,0.0,29.2,demo_fixture
Maharashtra,Nashik,Nashik,MH_NASHIK,2026-08-19,36.2,26.8,demo_fixture
Maharashtra,Nashik,Lasalgaon,MH_LASALGAON,2026-08-19,0.0,29.2,demo_fixture
Maharashtra,Thane,Vashi,MH_VASHI,2026-08-19,0.0,29.6,demo_fixture
Maharashtra,Nagpur,Nagpur,MH_NAGPUR,2026-08-19,0.0,25.9,demo_fixture
Maharashtra,Kolhapur,Kolhapur,MH_KOLHAPUR,2026-08-19,38.4,32.6,demo_fixture
Maharashtra,Ahmednagar,Ahmednagar,MH_AHMEDNAGAR,2026-08-19,0.0,31.2,demo_fixture
Maharashtra,Pune,Pune,MH_PUNE,2026-08-20,38.2,27.2,demo_fixture
Maharashtra,Nashik,Nashik,MH_NASHIK,2026-08-20,0.0,25.6,demo_fixture
Maharashtra,Nashik,Lasalgaon,MH_LASALGAON,2026-08-20,18.0,30.1,demo_fixture
Maharashtra,Thane,Vashi,MH_VASHI,2026-08-20,0.0,30.1,demo_fixture
Maharashtra,Nagpur,Nagpur,MH_NAGPUR,2026-08-20,23.0,25.5,demo_fixture
Maharashtra,Kolhapur,Kolhapur,MH_KOLHAPUR,2026-08-20,0.0,25.6,demo_fixture
Maharashtra,Ahmednagar,Ahmednagar,MH_AHMEDNAGAR,2026-08-20,13.8,32.8,demo_fixture
Maharashtra,Pune,Pune,MH_PUNE,2026-08-21,37.0,30.6,demo_fixture
Maharashtra,Nashik,Nashik,MH_NASHIK,2026-08-21,0.0,32.3,demo_fixture
Maharashtra,Nashik,Lasalgaon,MH_LASALGAON,2026-08-21,6.1,26.6,demo_fixture
Maharashtra,Thane,Vashi,MH_VASHI,2026-08-21,24.6,31.6,demo_fixture
Maharashtra,Nagpur,Nagpur,MH_NAGPUR,2026-08-21,19.1,28.3,demo_fixture
Maharashtra,Kolhapur,Kolhapur,MH_KOLHAPUR,2026-08-21,26.3,32.9,demo_fixture
Maharashtra,Ahmednagar,Ahmednagar,MH_AHMEDNAGAR,2026-08-21,31.4,31.9,demo_fixture
Maharashtra,Pune,Pune,MH_PUNE,2026-08-22,0.0,31.9,demo_fixture
Maharashtra,Nashik,Nashik,MH_NASHIK,2026-08-22,0.0,26.2,demo_fixture
Maharashtra,Nashik,Lasalgaon,MH_LASALGAON,2026-08-22,25.8,25.9,demo_fixture
Maharashtra,Thane,Vashi,MH_VASHI,2026-08-22,9.4,29.2,demo_fixture
Maharashtra,Nagpur,Nagpur,MH_NAGPUR,2026-08-22,35.7,29.7,demo_fixture
Maharashtra,Kolhapur,Kolhapur,MH_KOLHAPUR,2026-08-22,0.0,26.2,demo_fixture
Maharashtra,Ahmednagar,Ahmednagar,MH_AHMEDNAGAR,2026-08-22,3.8,27.1,demo_fixture
Maharashtra,Pune,Pune,MH_PUNE,2026-08-23,0.0,32.2,demo_fixture
Maharashtra,Nashik,Nashik,MH_NASHIK,2026-08-23,4.0,26.1,demo_fixture
Maharashtra,Nashik,Lasalgaon,MH_LASALGAON,2026-08-23,0.0,32.2,demo_fixture
Maharashtra,Thane,Vashi,MH_VASHI,2026-08-23,0.0,25.7,demo_fixture
Maharashtra,Nagpur,Nagpur,MH_NAGPUR,2026-08-23,0.0,27.9,demo_fixture
Maharashtra,Kolhapur,Kolhapur,MH_KOLHAPUR,2026-08-23,0.0,29.9,demo_fixture
Maharashtra,Ahmednagar,Ahmednagar,MH_AHMEDNAGAR,2026-08-23,0.0,30.8,demo_fixture
Maharashtra,Pune,Pune,MH_PUNE,2026-08-24,5.3,26.7,demo_fixture
Maharashtra,Nashik,Nashik,MH_NASHIK,2026-08-24,37.9,28.4,demo_fixture
Maharashtra,Nashik,Lasalgaon,MH_LASALGAON,2026-08-24,0.0,28.0,demo_fixture
Maharashtra,Thane,Vashi,MH_VASHI,2026-08-24,0.0,26.5,demo_fixture
Maharashtra,Nagpur,Nagpur,MH_NAGPUR,2026-08-24,0.0,30.9,demo_fixture
Maharashtra,Kolhapur,Kolhapur,MH_KOLHAPUR,2026-08-24,43.9,25.9,demo_fixture
Maharashtra,Ahmednagar,Ahmednagar,MH_AHMEDNAGAR,2026-08-24,38.1,28.1,demo_fixture
Maharashtra,Pune,Pune,MH_PUNE,2026-08-25,0.0,32.7,demo_fixture
Maharashtra,Nashik,Nashik,MH_NASHIK,2026-08-25,35.3,25.7,demo_fixture
Maharashtra,Nashik,Lasalgaon,MH_LASALGAON,2026-08-25,44.7,29.2,demo_fixture
Maharashtra,Thane,Vashi,MH_VASHI,2026-08-25,42.5,28.7,demo_fixture
Maharashtra,Nagpur,Nagpur,MH_NAGPUR,2026-08-25,0.0,30.5,demo_fixture
Maharashtra,Kolhapur,Kolhapur,MH_KOLHAPUR,2026-08-25,28.6,31.5,demo_fixture
Maharashtra,Ahmednagar,Ahmednagar,MH_AHMEDNAGAR,2026-08-25,0.0,26.1,demo_fixture
Maharashtra,Pune,Pune,MH_PUNE,2026-08-26,32.6,30.3,demo_fixture
Maharashtra,Nashik,Nashik,MH_NASHIK,2026-08-26,0.0,27.9,demo_fixture
Maharashtra,Nashik,Lasalgaon,MH_LASALGAON,2026-08-26,2.2,27.8,demo_fixture
Maharashtra,Thane,Vashi,MH_VASHI,2026-08-26,13.6,26.5,demo_fixture
Maharashtra,Nagpur,Nagpur,MH_NAGPUR,2026-08-26,21.3,29.7,demo_fixture
Maharashtra,Kolhapur,Kolhapur,MH_KOLHAPUR,2026-08-26,3.1,28.2,demo_fixture
Maharashtra,Ahmednagar,Ahmednagar,MH_AHMEDNAGAR,2026-08-26,27.7,27.9,demo_fixture
Maharashtra,Pune,Pune,MH_PUNE,2026-08-27,14.5,28.4,demo_fixture
Maharashtra,Nashik,Nashik,MH_NASHIK,2026-08-27,40.7,32.3,demo_fixture
Maharashtra,Nashik,Lasalgaon,MH_LASALGAON,2026-08-27,0.0,29.8,demo_fixture
Maharashtra,Thane,Vashi,MH_VASHI,2026-08-27,18.4,26.5,demo_fixture
Maharashtra,Nagpur,Nagpur,MH_NAGPUR,2026-08-27,23.2,26.0,demo_fixture
Maharashtra,Kolhapur,Kolhapur,MH_KOLHAPUR,2026-08-27,20.1,29.1,demo_fixture
Maharashtra,Ahmednagar,Ahmednagar,MH_AHMEDNAGAR,2026-08-27,12.8,27.3,demo_fixture
Maharashtra,Pune,Pune,MH_PUNE,2026-08-28,0.0,30.0,demo_fixture
Maharashtra,Nashik,Nashik,MH_NASHIK,2026-08-28,6.6,27.8,demo_fixture
Maharashtra,Nashik,Lasalgaon,MH_LASALGAON,2026-08-28,0.0,28.0,demo_fixture
Maharashtra,Thane,Vashi,MH_VASHI,2026-08-28,0.0,31.5,demo_fixture
Maharashtra,Nagpur,Nagpur,MH_NAGPUR,2026-08-28,16.4,31.6,demo_fixture
Maharashtra,Kolhapur,Kolhapur,MH_KOLHAPUR,2026-08-28,0.0,32.8,demo_fixture
Maharashtra,Ahmednagar,Ahmednagar,MH_AHMEDNAGAR,2026-08-28,15.8,32.6,demo_fixture
Maharashtra,Pune,Pune,MH_PUNE,2026-08-29,15.5,32.7,demo_fixture
Maharashtra,Nashik,Nashik,MH_NASHIK,2026-08-29,0.0,27.7,demo_fixture
Maharashtra,Nashik,Lasalgaon,MH_LASALGAON,2026-08-29,0.0,29.2,demo_fixture
Maharashtra,Thane,Vashi,MH_VASHI,2026-08-29,0.0,27.3,demo_fixture
Maharashtra,Nagpur,Nagpur,MH_NAGPUR,2026-08-29,37.1,28.4,demo_fixture
Maharashtra,Kolhapur,Kolhapur,MH_KOLHAPUR,2026-08-29,26.2,29.9,demo_fixture
Maharashtra,Ahmednagar,Ahmednagar,MH_AHMEDNAGAR,2026-08-29,31.3,29.6,demo_fixture
Maharashtra,Pune,Pune,MH_PUNE,2026-08-30,0.0,29.0,demo_fixture
Maharashtra,Nashik,Nashik,MH_NASHIK,2026-08-30,0.0,28.8,demo_fixture
Maharashtra,Nashik,Lasalgaon,MH_LASALGAON,2026-08-30,31.8,31.6,demo_fixture
Maharashtra,Thane,Vashi,MH_VASHI,2026-08-30,0.0,28.6,demo_fixture
Maharashtra,Nagpur,Nagpur,MH_NAGPUR,2026-08-30,29.2,27.3,demo_fixture
Maharashtra,Kolhapur,Kolhapur,MH_KOLHAPUR,2026-08-30,0.0,30.9,demo_fixture
Maharashtra,Ahmednagar,Ahmednagar,MH_AHMEDNAGAR,2026-08-30,0.0,26.1,demo_fixture
Maharashtra,Pune,Pune,MH_PUNE,2026-08-31,0.0,29.1,demo_fixture
Maharashtra,Nashik,Nashik,MH_NASHIK,2026-08-31,23.8,32.4,demo_fixture
Maharashtra,Nashik,Lasalgaon,MH_LASALGAON,2026-08-31,0.0,29.6,demo_fixture
Maharashtra,Thane,Vashi,MH_VASHI,2026-08-31,0.0,28.2,demo_fixture
Maharashtra,Nagpur,Nagpur,MH_NAGPUR,2026-08-31,0.0,29.5,demo_fixture
Maharashtra,Kolhapur,Kolhapur,MH_KOLHAPUR,2026-08-31,0.0,26.1,demo_fixture
Maharashtra,Ahmednagar,Ahmednagar,MH_AHMEDNAGAR,2026-08-31,0.0,30.4,demo_fixture
Maharashtra,Pune,Pune,MH_PUNE,2026-09-01,0.0,33.4,demo_fixture
Maharashtra,Nashik,Nashik,MH_NASHIK,2026-09-01,44.3,33.6,demo_fixture
Maharashtra,Nashik,Lasalgaon,MH_LASALGAON,2026-09-01,0.0,34.1,demo_fixture
Maharashtra,Thane,Vashi,MH_VASHI,2026-09-01,0.0,31.7,demo_fixture
Maharashtra,Nagpur,Nagpur,MH_NAGPUR,2026-09-01,13.1,32.3,demo_fixture
Maharashtra,Kolhapur,Kolhapur,MH_KOLHAPUR,2026-09-01,0.0,32.9,demo_fixture
Maharashtra,Ahmednagar,Ahmednagar,MH_AHMEDNAGAR,2026-09-01,0.0,31.8,demo_fixture
